date,currency
2010-01-01 00:00:00,52.2586
2010-01-12 00:00:00,52.2863
2010-01-13 00:00:00,52.2061
2010-01-14 00:00:00,52.3746
2010-01-15 00:00:00,52.278
2010-01-16 00:00:00,52.2405
2010-01-19 00:00:00,52.2801
2010-01-20 00:00:00,52.1683
2010-01-21 00:00:00,51.6959
2010-01-22 00:00:00,51.4628
2010-01-23 00:00:00,51.4429
2010-01-26 00:00:00,51.7712
2010-01-27 00:00:00,51.8022
2010-01-28 00:00:00,51.5637
2010-01-29 00:00:00,52.0362
2010-01-30 00:00:00,51.8446
2010-02-02 00:00:00,51.4097
2010-02-03 00:00:00,51.4954
2010-02-04 00:00:00,51.2679
2010-02-05 00:00:00,50.9421
2010-02-06 00:00:00,50.7413
2010-02-09 00:00:00,51.2285
2010-02-10 00:00:00,51.1674
2010-02-11 00:00:00,51.2361
2010-02-12 00:00:00,51.1226
2010-02-13 00:00:00,51.0253
2010-02-16 00:00:00,51.014
2010-02-17 00:00:00,51.1725
2010-02-18 00:00:00,51.3659
2010-02-19 00:00:00,50.9963
2010-02-20 00:00:00,50.1439
2010-02-25 00:00:00,50.6825
2010-02-26 00:00:00,50.4018
2010-02-27 00:00:00,50.5457
2010-02-28 00:00:00,50.663
2010-03-02 00:00:00,50.6558
2010-03-03 00:00:00,50.2614
2010-03-04 00:00:00,50.1792
2010-03-05 00:00:00,50.4017
2010-03-06 00:00:00,50.3622
2010-03-10 00:00:00,50.2659
2010-03-11 00:00:00,50.1508
2010-03-12 00:00:00,50.199
2010-03-13 00:00:00,50.305
2010-03-16 00:00:00,50.292
2010-03-17 00:00:00,50.1683
2010-03-18 00:00:00,50.2145
2010-03-19 00:00:00,50.051
2010-03-20 00:00:00,50.0128
2010-03-23 00:00:00,49.4429
2010-03-24 00:00:00,49.4724
2010-03-25 00:00:00,49.6132
2010-03-26 00:00:00,49.0145
2010-03-27 00:00:00,48.7339
2010-03-30 00:00:00,49.3002
2010-03-31 00:00:00,49.3791
2010-04-01 00:00:00,49.299
2010-04-02 00:00:00,49.5571
2010-04-03 00:00:00,49.3238
2010-04-06 00:00:00,49.0796
2010-04-07 00:00:00,49.0993
2010-04-08 00:00:00,49.1543
2010-04-09 00:00:00,49.0586
2010-04-10 00:00:00,49.4639
2010-04-13 00:00:00,49.1815
2010-04-14 00:00:00,49.3244
2010-04-15 00:00:00,49.4373
2010-04-16 00:00:00,49.4015
2010-04-17 00:00:00,49.46
2010-04-20 00:00:00,49.1439
2010-04-21 00:00:00,49.3214
2010-04-22 00:00:00,49.3103
2010-04-23 00:00:00,49.3725
2010-04-24 00:00:00,49.2394
2010-04-27 00:00:00,49.4706
2010-04-28 00:00:00,49.4922
2010-04-29 00:00:00,49.3195
2010-04-30 00:00:00,49.072
2010-05-01 00:00:00,49.4969
2010-05-05 00:00:00,49.2846
2010-05-06 00:00:00,49.0899
2010-05-07 00:00:00,49.7032
2010-05-08 00:00:00,48.8352
2010-05-12 00:00:00,49.2416
2010-05-13 00:00:00,48.7953
2010-05-14 00:00:00,48.8454
2010-05-15 00:00:00,48.6635
2010-05-18 00:00:00,49.0275
2010-05-19 00:00:00,48.9281
2010-05-20 00:00:00,48.3543
2010-05-21 00:00:00,47.8129
2010-05-22 00:00:00,47.8663
2010-05-25 00:00:00,47.7548
2010-05-26 00:00:00,47.5675
2010-05-27 00:00:00,47.6907
2010-05-28 00:00:00,47.5406
2010-05-29 00:00:00,47.3159
2010-06-01 00:00:00,47.5955
2010-06-02 00:00:00,47.5975
2010-06-03 00:00:00,48.2795
2010-06-04 00:00:00,48.065
2010-06-05 00:00:00,48.1839
2010-06-08 00:00:00,47.8122
2010-06-09 00:00:00,47.4589
2010-06-10 00:00:00,47.7972
2010-06-11 00:00:00,47.9931
2010-06-12 00:00:00,48.5407
2010-06-16 00:00:00,48.5951
2010-06-17 00:00:00,48.8969
2010-06-18 00:00:00,48.4599
2010-06-19 00:00:00,48.6002
2010-06-22 00:00:00,48.7958
2010-06-23 00:00:00,48.0946
2010-06-24 00:00:00,47.9358
2010-06-25 00:00:00,48.0814
2010-06-26 00:00:00,47.8351
2010-06-29 00:00:00,48.0175
2010-06-30 00:00:00,48.1321
2010-07-01 00:00:00,48.3045
2010-07-02 00:00:00,47.95
2010-07-03 00:00:00,48.6323
2010-07-06 00:00:00,48.4247
2010-07-07 00:00:00,48.5403
2010-07-08 00:00:00,48.3993
2010-07-09 00:00:00,48.5358
2010-07-10 00:00:00,48.3238
2010-07-13 00:00:00,48.3208
2010-07-14 00:00:00,48.4803
2010-07-15 00:00:00,48.8984
2010-07-16 00:00:00,48.9876
2010-07-17 00:00:00,49.1346
2010-07-20 00:00:00,48.6157
2010-07-21 00:00:00,48.4987
2010-07-22 00:00:00,48.6775
2010-07-23 00:00:00,48.7237
2010-07-24 00:00:00,49.1355
2010-07-27 00:00:00,49.0039
2010-07-28 00:00:00,49.0934
2010-07-29 00:00:00,48.9683
2010-07-30 00:00:00,49.2195
2010-07-31 00:00:00,49.6332
2010-08-03 00:00:00,50.0416
2010-08-04 00:00:00,50.1323
2010-08-05 00:00:00,49.8224
2010-08-06 00:00:00,49.6447
2010-08-07 00:00:00,49.9183
2010-08-10 00:00:00,50.1229
2010-08-11 00:00:00,50.0432
2010-08-12 00:00:00,49.3304
2010-08-13 00:00:00,49.393
2010-08-14 00:00:00,49.5898
2010-08-17 00:00:00,49.2304
2010-08-18 00:00:00,49.6639
2010-08-19 00:00:00,49.3932
2010-08-20 00:00:00,49.3114
2010-08-21 00:00:00,49.2111
2010-08-24 00:00:00,49.0529
2010-08-25 00:00:00,48.881
2010-08-26 00:00:00,48.9547
2010-08-27 00:00:00,49.2336
2010-08-28 00:00:00,48.7779
2010-08-31 00:00:00,49.0012
2010-09-01 00:00:00,48.7829
2010-09-02 00:00:00,48.8797
2010-09-03 00:00:00,49.6052
2010-09-04 00:00:00,49.9426
2010-09-07 00:00:00,50.1807
2010-09-08 00:00:00,49.8652
2010-09-09 00:00:00,49.8391
2010-09-10 00:00:00,49.7096
2010-09-11 00:00:00,49.9615
2010-09-14 00:00:00,50.0818
2010-09-15 00:00:00,50.2576
2010-09-16 00:00:00,50.7189
2010-09-17 00:00:00,50.9858
2010-09-18 00:00:00,51.1749
2010-09-21 00:00:00,50.973
2010-09-22 00:00:00,51.3004
2010-09-23 00:00:00,52.1847
2010-09-24 00:00:00,52.4427
2010-09-25 00:00:00,52.0248
2010-09-28 00:00:00,52.2209
2010-09-29 00:00:00,51.4057
2010-09-30 00:00:00,52.1904
2010-10-01 00:00:00,52.0728
2010-10-02 00:00:00,52.1715
2010-10-05 00:00:00,52.041
2010-10-06 00:00:00,51.7417
2010-10-07 00:00:00,51.6392
2010-10-08 00:00:00,51.4424
2010-10-09 00:00:00,51.4265
2010-10-12 00:00:00,51.3614
2010-10-13 00:00:00,51.1293
2010-10-14 00:00:00,51.673
2010-10-15 00:00:00,52.2958
2010-10-16 00:00:00,52.443
2010-10-19 00:00:00,52.171
2010-10-20 00:00:00,51.8162
2010-10-21 00:00:00,52.0032
2010-10-22 00:00:00,52.7373
2010-10-23 00:00:00,52.0305
2010-10-26 00:00:00,52.5593
2010-10-27 00:00:00,52.5225
2010-10-28 00:00:00,51.722
2010-10-29 00:00:00,52.1293
2010-10-30 00:00:00,51.8741
2010-11-02 00:00:00,52.6994
2010-11-03 00:00:00,52.7468
2010-11-04 00:00:00,52.6809
2010-11-09 00:00:00,53.1112
2010-11-10 00:00:00,52.7632
2010-11-11 00:00:00,52.5989
2010-11-12 00:00:00,51.9853
2010-11-13 00:00:00,51.4508
2010-11-14 00:00:00,51.7795
2010-11-16 00:00:00,51.437
2010-11-17 00:00:00,51.8144
2010-11-18 00:00:00,51.5918
2010-11-19 00:00:00,51.9912
2010-11-20 00:00:00,51.7507
2010-11-23 00:00:00,51.9763
2010-11-24 00:00:00,51.7748
2010-11-25 00:00:00,51.3125
2010-11-26 00:00:00,51.3732
2010-11-27 00:00:00,51.2729
2010-11-30 00:00:00,51.042
2010-12-01 00:00:00,50.7919
2010-12-02 00:00:00,51.0932
2010-12-03 00:00:00,51.0142
2010-12-04 00:00:00,51.4737
2010-12-07 00:00:00,52.2542
2010-12-08 00:00:00,52.3459
2010-12-09 00:00:00,51.9073
2010-12-10 00:00:00,51.7126
2010-12-11 00:00:00,51.2648
2010-12-14 00:00:00,51.4521
2010-12-15 00:00:00,52.2301
2010-12-16 00:00:00,51.8821
2010-12-17 00:00:00,51.6073
2010-12-18 00:00:00,51.8289
2010-12-21 00:00:00,51.3801
2010-12-22 00:00:00,51.4036
2010-12-23 00:00:00,51.4517
2010-12-24 00:00:00,51.0781
2010-12-25 00:00:00,51.2758
2010-12-28 00:00:00,51.0452
2010-12-29 00:00:00,51.2373
2010-12-30 00:00:00,51.0179
2010-12-31 00:00:00,51.6138
2011-01-01 00:00:00,51.8236
2011-01-12 00:00:00,51.332
2011-01-13 00:00:00,51.1738
2011-01-14 00:00:00,50.9112
2011-01-15 00:00:00,51.2762
2011-01-18 00:00:00,51.3233
2011-01-19 00:00:00,51.3189
2011-01-20 00:00:00,51.2831
2011-01-21 00:00:00,51.2668
2011-01-22 00:00:00,51.221
2011-01-25 00:00:00,51.2113
2011-01-26 00:00:00,51.6759
2011-01-27 00:00:00,51.7902
2011-01-28 00:00:00,51.3459
2011-01-29 00:00:00,51.0952
2011-02-01 00:00:00,51.09
2011-02-02 00:00:00,51.596
2011-02-03 00:00:00,51.6491
2011-02-04 00:00:00,51.2779
2011-02-05 00:00:00,51.2611
2011-02-08 00:00:00,50.9523
2011-02-09 00:00:00,50.896
2011-02-10 00:00:00,50.7157
2011-02-11 00:00:00,50.7056
2011-02-12 00:00:00,49.9438
2011-02-15 00:00:00,49.8073
2011-02-16 00:00:00,50.1868
2011-02-17 00:00:00,50.5858
2011-02-18 00:00:00,50.8648
2011-02-19 00:00:00,51.1879
2011-02-22 00:00:00,51.377
2011-02-23 00:00:00,50.995
2011-02-25 00:00:00,51.7353
2011-02-26 00:00:00,51.709
2011-03-01 00:00:00,51.3216
2011-03-02 00:00:00,51.4352
2011-03-03 00:00:00,51.1209
2011-03-04 00:00:00,50.9944
2011-03-05 00:00:00,50.6414
2011-03-06 00:00:00,50.5014
2011-03-10 00:00:00,50.6208
2011-03-11 00:00:00,50.7878
2011-03-12 00:00:00,50.6917
2011-03-15 00:00:00,50.9483
2011-03-16 00:00:00,50.9151
2011-03-17 00:00:00,50.7144
2011-03-18 00:00:00,50.9
2011-03-19 00:00:00,50.7708
2011-03-22 00:00:00,50.9337
2011-03-23 00:00:00,50.7308
2011-03-24 00:00:00,50.7522
2011-03-25 00:00:00,50.6618
2011-03-26 00:00:00,50.7703
2011-03-29 00:00:00,50.4519
2011-03-30 00:00:00,50.7522
2011-03-31 00:00:00,50.7688
2011-04-01 00:00:00,51.302
2011-04-02 00:00:00,51.3204
2011-04-05 00:00:00,51.4053
2011-04-06 00:00:00,51.6159
2011-04-07 00:00:00,51.8131
2011-04-08 00:00:00,51.5214
2011-04-09 00:00:00,51.9702
2011-04-12 00:00:00,51.8801
2011-04-13 00:00:00,51.5185
2011-04-14 00:00:00,51.7715
2011-04-15 00:00:00,51.9318
2011-04-16 00:00:00,52.2779
2011-04-19 00:00:00,51.9403
2011-04-20 00:00:00,51.9167
2011-04-21 00:00:00,52.2193
2011-04-22 00:00:00,52.555
2011-04-23 00:00:00,52.248
2011-04-26 00:00:00,52.2656
2011-04-27 00:00:00,52.0912
2011-04-28 00:00:00,52.2135
2011-04-29 00:00:00,52.1946
2011-04-30 00:00:00,52.3851
2011-05-04 00:00:00,52.0455
2011-05-05 00:00:00,51.9643
2011-05-06 00:00:00,51.4668
2011-05-07 00:00:00,50.5417
2011-05-11 00:00:00,50.7661
2011-05-12 00:00:00,50.8996
2011-05-13 00:00:00,50.9288
2011-05-14 00:00:00,50.7928
2011-05-17 00:00:00,50.6557
2011-05-18 00:00:00,50.3613
2011-05-19 00:00:00,50.5627
2011-05-20 00:00:00,50.5072
2011-05-21 00:00:00,50.873
2011-05-24 00:00:00,50.5842
2011-05-25 00:00:00,51.0126
2011-05-26 00:00:00,50.9024
2011-05-27 00:00:00,51.2919
2011-05-28 00:00:00,51.5825
2011-05-31 00:00:00,51.6202
2011-06-01 00:00:00,52.0577
2011-06-02 00:00:00,52.2077
2011-06-03 00:00:00,51.7665
2011-06-04 00:00:00,51.797
2011-06-07 00:00:00,51.996
2011-06-08 00:00:00,51.8987
2011-06-09 00:00:00,51.7452
2011-06-10 00:00:00,51.564
2011-06-11 00:00:00,50.9697
2011-06-15 00:00:00,51.552
2011-06-16 00:00:00,51.3724
2011-06-17 00:00:00,50.6313
2011-06-18 00:00:00,50.6977
2011-06-21 00:00:00,50.6403
2011-06-22 00:00:00,50.7148
2011-06-23 00:00:00,50.9079
2011-06-24 00:00:00,51.1649
2011-06-25 00:00:00,51.4157
2011-06-28 00:00:00,51.4013
2011-06-29 00:00:00,51.5269
2011-06-30 00:00:00,51.8185
2011-07-01 00:00:00,52.006
2011-07-02 00:00:00,51.7715
2011-07-05 00:00:00,51.9326
2011-07-06 00:00:00,51.9904
2011-07-07 00:00:00,51.8588
2011-07-08 00:00:00,51.6897
2011-07-09 00:00:00,51.6684
2011-07-12 00:00:00,51.4141
2011-07-13 00:00:00,50.6897
2011-07-14 00:00:00,50.8489
2011-07-15 00:00:00,50.8905
2011-07-16 00:00:00,50.5022
2011-07-19 00:00:00,50.1557
2011-07-20 00:00:00,50.6477
2011-07-21 00:00:00,50.833
2011-07-22 00:00:00,51.0743
2011-07-23 00:00:00,51.4515
2011-07-26 00:00:00,51.1672
2011-07-27 00:00:00,51.4158
2011-07-28 00:00:00,51.3421
2011-07-29 00:00:00,51.1517
2011-07-30 00:00:00,51.0383
2011-08-02 00:00:00,51.2713
2011-08-03 00:00:00,51.49
2011-08-04 00:00:00,51.6286
2011-08-05 00:00:00,51.7666
2011-08-06 00:00:00,51.5746
2011-08-09 00:00:00,52.1875
2011-08-10 00:00:00,53.5919
2011-08-11 00:00:00,53.7843
2011-08-12 00:00:00,53.2579
2011-08-13 00:00:00,52.9371
2011-08-16 00:00:00,52.4321
2011-08-17 00:00:00,52.5103
2011-08-18 00:00:00,52.7954
2011-08-19 00:00:00,53.5111
2011-08-20 00:00:00,53.4326
2011-08-23 00:00:00,53.4562
2011-08-24 00:00:00,53.3383
2011-08-25 00:00:00,53.1259
2011-08-26 00:00:00,53.2996
2011-08-27 00:00:00,53.4226
2011-08-30 00:00:00,53.7102
2011-08-31 00:00:00,53.8707
2011-09-01 00:00:00,53.9728
2011-09-02 00:00:00,53.6939
2011-09-03 00:00:00,53.4877
2011-09-06 00:00:00,54.1615
2011-09-07 00:00:00,54.3904
2011-09-08 00:00:00,55.1039
2011-09-09 00:00:00,54.8998
2011-09-10 00:00:00,54.7864
2011-09-13 00:00:00,54.1829
2011-09-14 00:00:00,53.1961
2011-09-15 00:00:00,53.5989
2011-09-16 00:00:00,53.7661
2011-09-17 00:00:00,54.4645
2011-09-20 00:00:00,54.7781
2011-09-21 00:00:00,55.2435
2011-09-22 00:00:00,55.4467
2011-09-23 00:00:00,55.3744
2011-09-24 00:00:00,55.2905
2011-09-27 00:00:00,55.3023
2011-09-28 00:00:00,56.0057
2011-09-29 00:00:00,55.5783
2011-09-30 00:00:00,55.2198
2011-10-01 00:00:00,54.9951
2011-10-04 00:00:00,55.3811
2011-10-05 00:00:00,55.2119
2011-10-06 00:00:00,55.5322
2011-10-07 00:00:00,55.3477
2011-10-08 00:00:00,55.4283
2011-10-11 00:00:00,55.2147
2011-10-12 00:00:00,55.1535
2011-10-13 00:00:00,55.1665
2011-10-14 00:00:00,55.5541
2011-10-15 00:00:00,55.0521
2011-10-18 00:00:00,55.3331
2011-10-19 00:00:00,54.8403
2011-10-20 00:00:00,55.2867
2011-10-21 00:00:00,55.6194
2011-10-22 00:00:00,55.8416
2011-10-25 00:00:00,55.6276
2011-10-26 00:00:00,55.1934
2011-10-27 00:00:00,55.3171
2011-10-28 00:00:00,55.2226
2011-10-29 00:00:00,55.1873
2011-11-01 00:00:00,54.9607
2011-11-02 00:00:00,54.7268
2011-11-03 00:00:00,54.3967
2011-11-04 00:00:00,54.1119
2011-11-08 00:00:00,54.2318
2011-11-09 00:00:00,54.2585
2011-11-10 00:00:00,53.6993
2011-11-11 00:00:00,53.6442
2011-11-12 00:00:00,53.7733
2011-11-15 00:00:00,53.8239
2011-11-16 00:00:00,53.5817
2011-11-17 00:00:00,53.2277
2011-11-18 00:00:00,53.1633
2011-11-19 00:00:00,53.3804
2011-11-22 00:00:00,53.5356
2011-11-23 00:00:00,53.6083
2011-11-24 00:00:00,53.8123
2011-11-25 00:00:00,53.7661
2011-11-26 00:00:00,53.5415
2011-11-29 00:00:00,53.2564
2011-11-30 00:00:00,53.2816
2011-12-01 00:00:00,53.4442
2011-12-02 00:00:00,53.5222
2011-12-03 00:00:00,53.2233
2011-12-06 00:00:00,53.5452
2011-12-07 00:00:00,53.6668
2011-12-08 00:00:00,54.3943
2011-12-09 00:00:00,54.4129
2011-12-10 00:00:00,54.3536
2011-12-13 00:00:00,54.3842
2011-12-14 00:00:00,54.1319
2011-12-15 00:00:00,53.553
2011-12-16 00:00:00,53.3141
2011-12-17 00:00:00,53.1495
2011-12-20 00:00:00,53.6824
2011-12-21 00:00:00,54.0003
2011-12-22 00:00:00,54.0075
2011-12-23 00:00:00,53.3661
2011-12-24 00:00:00,52.6664
2011-12-27 00:00:00,52.291
2011-12-28 00:00:00,52.2125
2011-12-29 00:00:00,52.9408
2011-12-30 00:00:00,53.2172
2011-12-31 00:00:00,53.6423
2012-01-11 00:00:00,53.1596
2012-01-12 00:00:00,52.7985
2012-01-13 00:00:00,52.4776
2012-01-14 00:00:00,52.7244
2012-01-17 00:00:00,52.6397
2012-01-18 00:00:00,52.437
2012-01-19 00:00:00,52.4743
2012-01-20 00:00:00,52.6885
2012-01-21 00:00:00,52.9442
2012-01-24 00:00:00,52.6375
2012-01-25 00:00:00,52.7493
2012-01-26 00:00:00,52.0733
2012-01-27 00:00:00,51.9276
2012-01-28 00:00:00,51.9872
2012-01-31 00:00:00,52.0603
2012-02-01 00:00:00,52.2163
2012-02-02 00:00:00,51.6831
2012-02-03 00:00:00,52.0485
2012-02-04 00:00:00,51.9027
2012-02-07 00:00:00,51.8797
2012-02-08 00:00:00,51.7859
2012-02-09 00:00:00,51.4744
2012-02-10 00:00:00,51.7407
2012-02-11 00:00:00,51.8558
2012-02-14 00:00:00,52.2496
2012-02-15 00:00:00,52.4837
2012-02-16 00:00:00,52.4129
2012-02-17 00:00:00,52.0285
2012-02-18 00:00:00,52.373
2012-02-21 00:00:00,52.4175
2012-02-22 00:00:00,52.5334
2012-02-23 00:00:00,52.454
2012-02-25 00:00:00,52.4788
2012-02-28 00:00:00,52.2362
2012-02-29 00:00:00,51.8488
2012-03-01 00:00:00,52.2526
2012-03-02 00:00:00,52.3933
2012-03-03 00:00:00,52.4088
2012-03-06 00:00:00,52.1049
2012-03-07 00:00:00,52.3412
2012-03-08 00:00:00,52.1192
2012-03-12 00:00:00,51.7965
2012-03-13 00:00:00,51.9246
2012-03-14 00:00:00,52.139
2012-03-15 00:00:00,51.5025
2012-03-16 00:00:00,50.973
2012-03-17 00:00:00,50.8316
2012-03-20 00:00:00,50.9901
2012-03-21 00:00:00,50.9391
2012-03-22 00:00:00,50.7399
2012-03-23 00:00:00,50.8851
2012-03-24 00:00:00,50.898
2012-03-27 00:00:00,50.744
2012-03-28 00:00:00,50.832
2012-03-29 00:00:00,51.1772
2012-03-30 00:00:00,51.0927
2012-03-31 00:00:00,51.4358
2012-04-03 00:00:00,51.6434
2012-04-04 00:00:00,51.6948
2012-04-05 00:00:00,51.2638
2012-04-06 00:00:00,51.0765
2012-04-07 00:00:00,50.9144
2012-04-10 00:00:00,50.9872
2012-04-11 00:00:00,51.0788
2012-04-12 00:00:00,51.4569
2012-04-13 00:00:00,51.025
2012-04-14 00:00:00,50.981
2012-04-17 00:00:00,51.1461
2012-04-18 00:00:00,51.5225
2012-04-19 00:00:00,51.2827
2012-04-20 00:00:00,51.3729
2012-04-21 00:00:00,51.4149
2012-04-24 00:00:00,51.2969
2012-04-25 00:00:00,51.385
2012-04-26 00:00:00,51.2153
2012-04-27 00:00:00,51.3073
2012-04-28 00:00:00,51.1293
2012-04-29 00:00:00,51.3002
2012-05-03 00:00:00,51.283
2012-05-04 00:00:00,51.3194
2012-05-05 00:00:00,51.4834
2012-05-06 00:00:00,51.394
2012-05-11 00:00:00,51.8651
2012-05-12 00:00:00,51.3427
2012-05-13 00:00:00,51.504
2012-05-15 00:00:00,51.3727
2012-05-16 00:00:00,51.1975
2012-05-17 00:00:00,51.3908
2012-05-18 00:00:00,51.8712
2012-05-19 00:00:00,52.3263
2012-05-22 00:00:00,52.2999
2012-05-23 00:00:00,52.3719
2012-05-24 00:00:00,52.4526
2012-05-25 00:00:00,52.5948
2012-05-26 00:00:00,52.7283
2012-05-29 00:00:00,53.1744
2012-05-30 00:00:00,53.4686
2012-05-31 00:00:00,53.7445
2012-06-01 00:00:00,54.2331
2012-06-02 00:00:00,55.0409
2012-06-05 00:00:00,55.5285
2012-06-06 00:00:00,54.438
2012-06-07 00:00:00,53.8954
2012-06-08 00:00:00,53.0
2012-06-09 00:00:00,53.8329
2012-06-10 00:00:00,53.8437
2012-06-14 00:00:00,54.458
2012-06-15 00:00:00,54.4168
2012-06-16 00:00:00,54.5178
2012-06-19 00:00:00,54.1071
2012-06-20 00:00:00,54.6115
2012-06-21 00:00:00,54.7464
2012-06-22 00:00:00,55.605
2012-06-23 00:00:00,56.1807
2012-06-26 00:00:00,55.3615
2012-06-27 00:00:00,55.2482
2012-06-28 00:00:00,54.5887
2012-06-29 00:00:00,54.6062
2012-06-30 00:00:00,54.8255
2012-07-03 00:00:00,54.414
2012-07-04 00:00:00,54.3516
2012-07-05 00:00:00,53.9192
2012-07-06 00:00:00,54.2025
2012-07-07 00:00:00,53.9275
2012-07-10 00:00:00,53.9725
2012-07-11 00:00:00,54.153
2012-07-12 00:00:00,53.8697
2012-07-13 00:00:00,53.4865
2012-07-14 00:00:00,53.4876
2012-07-17 00:00:00,53.4434
2012-07-18 00:00:00,53.3921
2012-07-19 00:00:00,53.3287
2012-07-20 00:00:00,52.687
2012-07-21 00:00:00,52.7182
2012-07-24 00:00:00,53.2614
2012-07-25 00:00:00,53.5853
2012-07-26 00:00:00,54.1255
2012-07-27 00:00:00,53.7304
2012-07-28 00:00:00,53.5475
2012-07-31 00:00:00,53.1034
2012-08-01 00:00:00,53.2997
2012-08-02 00:00:00,53.775
2012-08-03 00:00:00,53.9527
2012-08-04 00:00:00,53.8865
2012-08-07 00:00:00,53.3592
2012-08-08 00:00:00,53.3062
2012-08-09 00:00:00,53.3918
2012-08-10 00:00:00,53.4731
2012-08-11 00:00:00,53.6235
2012-08-14 00:00:00,53.7748
2012-08-15 00:00:00,53.8212
2012-08-16 00:00:00,53.6556
2012-08-17 00:00:00,53.4661
2012-08-18 00:00:00,53.5215
2012-08-21 00:00:00,54.0217
2012-08-22 00:00:00,54.1036
2012-08-23 00:00:00,53.9599
2012-08-24 00:00:00,54.1877
2012-08-25 00:00:00,54.4364
2012-08-28 00:00:00,54.593
2012-08-29 00:00:00,54.9699
2012-08-30 00:00:00,54.9004
2012-08-31 00:00:00,55.5108
2012-09-01 00:00:00,56.0214
2012-09-04 00:00:00,55.8021
2012-09-05 00:00:00,55.6324
2012-09-06 00:00:00,55.6245
2012-09-07 00:00:00,55.1905
2012-09-08 00:00:00,54.8376
2012-09-11 00:00:00,55.2621
2012-09-12 00:00:00,55.0486
2012-09-13 00:00:00,54.6199
2012-09-14 00:00:00,54.6786
2012-09-15 00:00:00,54.0868
2012-09-18 00:00:00,53.7089
2012-09-19 00:00:00,54.0343
2012-09-20 00:00:00,54.0505
2012-09-21 00:00:00,55.0417
2012-09-22 00:00:00,54.3608
2012-09-25 00:00:00,54.3766
2012-09-26 00:00:00,54.2427
2012-09-27 00:00:00,54.3996
2012-09-28 00:00:00,54.193
2012-09-29 00:00:00,54.224
2012-10-02 00:00:00,54.5508
2012-10-03 00:00:00,54.428
2012-10-04 00:00:00,54.4281
2012-10-05 00:00:00,54.1876
2012-10-06 00:00:00,54.3087
2012-10-09 00:00:00,54.486
2012-10-10 00:00:00,54.2851
2012-10-11 00:00:00,54.3584
2012-10-12 00:00:00,54.3476
2012-10-13 00:00:00,54.381
2012-10-16 00:00:00,54.4102
2012-10-17 00:00:00,54.3924
2012-10-18 00:00:00,54.5223
2012-10-19 00:00:00,54.6095
2012-10-20 00:00:00,54.6939
2012-10-23 00:00:00,54.5593
2012-10-24 00:00:00,54.7123
2012-10-25 00:00:00,54.6249
2012-10-26 00:00:00,54.5202
2012-10-27 00:00:00,54.4583
2012-10-30 00:00:00,54.4209
2012-10-31 00:00:00,54.7607
2012-11-01 00:00:00,54.7077
2012-11-02 00:00:00,54.9732
2012-11-03 00:00:00,55.0103
2012-11-07 00:00:00,54.9647
2012-11-08 00:00:00,54.9827
2012-11-09 00:00:00,54.87
2012-11-10 00:00:00,55.0517
2012-11-13 00:00:00,54.9983
2012-11-14 00:00:00,55.111
2012-11-15 00:00:00,55.0658
2012-11-16 00:00:00,54.9701
2012-11-17 00:00:00,55.0113
2012-11-20 00:00:00,54.7884
2012-11-21 00:00:00,54.7334
2012-11-22 00:00:00,54.6267
2012-11-23 00:00:00,54.6008
2012-11-24 00:00:00,54.7712
2012-11-27 00:00:00,54.7681
2012-11-28 00:00:00,54.8162
2012-11-29 00:00:00,54.6752
2012-11-30 00:00:00,54.7705
2012-12-01 00:00:00,54.3663
2012-12-04 00:00:00,54.4122
2012-12-05 00:00:00,55.0564
2012-12-06 00:00:00,54.9223
2012-12-07 00:00:00,54.888
2012-12-08 00:00:00,54.7565
2012-12-11 00:00:00,54.2649
2012-12-12 00:00:00,54.2444
2012-12-13 00:00:00,54.422
2012-12-14 00:00:00,54.5039
2012-12-15 00:00:00,54.6967
2012-12-18 00:00:00,54.7307
2012-12-19 00:00:00,55.2402
2012-12-20 00:00:00,55.0407
2012-12-21 00:00:00,55.1903
2012-12-22 00:00:00,55.1288
2012-12-25 00:00:00,55.3383
2012-12-26 00:00:00,54.5663
2012-12-27 00:00:00,54.8332
2012-12-28 00:00:00,54.6457
2012-12-29 00:00:00,54.532
2012-12-30 00:00:00,54.532
2013-01-10 00:00:00,54.3668
2013-01-11 00:00:00,54.2697
2013-01-12 00:00:00,54.7331
2013-01-15 00:00:00,54.829
2013-01-16 00:00:00,54.8059
2013-01-17 00:00:00,54.3979
2013-01-18 00:00:00,54.5073
2013-01-19 00:00:00,54.2531
2013-01-22 00:00:00,54.0999
2013-01-23 00:00:00,54.1624
2013-01-24 00:00:00,54.1305
2013-01-25 00:00:00,54.2894
2013-01-26 00:00:00,54.3409
2013-01-29 00:00:00,54.3271
2013-01-30 00:00:00,54.4572
2013-01-31 00:00:00,54.6853
2013-02-01 00:00:00,54.7539
2013-02-02 00:00:00,54.9258
2013-02-05 00:00:00,54.7077
2013-02-06 00:00:00,54.863
2013-02-07 00:00:00,54.5229
2013-02-08 00:00:00,54.6486
2013-02-09 00:00:00,54.6391
2013-02-12 00:00:00,54.5607
2013-02-13 00:00:00,54.7424
2013-02-14 00:00:00,54.7469
2013-02-15 00:00:00,54.7148
2013-02-16 00:00:00,54.371
2013-02-19 00:00:00,54.2758
2013-02-20 00:00:00,54.246
2013-02-21 00:00:00,54.4102
2013-02-22 00:00:00,53.955
2013-02-23 00:00:00,53.6417
2013-02-26 00:00:00,53.6498
2013-02-27 00:00:00,53.5567
2013-02-28 00:00:00,53.747
2013-03-01 00:00:00,53.6435
2013-03-02 00:00:00,53.4305
2013-03-05 00:00:00,53.5668
2013-03-06 00:00:00,53.7137
2013-03-07 00:00:00,53.7689
2013-03-08 00:00:00,53.7858
2013-03-12 00:00:00,53.7232
2013-03-13 00:00:00,53.6694
2013-03-14 00:00:00,53.8906
2013-03-15 00:00:00,53.594
2013-03-16 00:00:00,53.1251
2013-03-19 00:00:00,53.205
2013-03-20 00:00:00,53.1801
2013-03-21 00:00:00,53.1338
2013-03-22 00:00:00,52.8326
2013-03-23 00:00:00,52.9911
2013-03-26 00:00:00,53.0804
2013-03-27 00:00:00,52.9515
2013-03-28 00:00:00,52.9473
2013-03-29 00:00:00,52.9813
2013-03-30 00:00:00,53.2478
2013-04-02 00:00:00,53.3159
2013-04-03 00:00:00,53.5102
2013-04-04 00:00:00,53.91
2013-04-05 00:00:00,54.4648
2013-04-06 00:00:00,54.7128
2013-04-09 00:00:00,55.1513
2013-04-10 00:00:00,54.3941
2013-04-11 00:00:00,54.2999
2013-04-12 00:00:00,53.7807
2013-04-13 00:00:00,54.0786
2013-04-16 00:00:00,54.6137
2013-04-17 00:00:00,54.6787
2013-04-18 00:00:00,54.5947
2013-04-19 00:00:00,54.753
2013-04-20 00:00:00,54.106
2013-04-23 00:00:00,54.249
2013-04-24 00:00:00,53.8889
2013-04-25 00:00:00,53.331
2013-04-26 00:00:00,53.2918
2013-04-27 00:00:00,53.244
2013-04-30 00:00:00,53.6693
2013-05-01 00:00:00,53.2356
2013-05-07 00:00:00,53.4896
2013-05-08 00:00:00,53.2529
2013-05-09 00:00:00,53.3054
2013-05-14 00:00:00,53.9841
2013-05-15 00:00:00,54.0111
2013-05-16 00:00:00,53.7067
2013-05-17 00:00:00,53.6641
2013-05-18 00:00:00,53.6579
2013-05-21 00:00:00,53.5444
2013-05-22 00:00:00,53.5071
2013-05-23 00:00:00,54.0109
2013-05-24 00:00:00,53.9314
2013-05-25 00:00:00,53.6929
2013-05-28 00:00:00,53.7483
2013-05-29 00:00:00,53.598
2013-05-30 00:00:00,53.4578
2013-05-31 00:00:00,53.6786
2013-06-01 00:00:00,54.3322
2013-06-04 00:00:00,54.8939
2013-06-05 00:00:00,54.8321
2013-06-06 00:00:00,54.9777
2013-06-07 00:00:00,55.4045
2013-06-08 00:00:00,56.0681
2013-06-11 00:00:00,55.9288
2013-06-12 00:00:00,56.264
2013-06-14 00:00:00,55.9709
2013-06-15 00:00:00,55.344
2013-06-18 00:00:00,55.3829
2013-06-19 00:00:00,55.5075
2013-06-20 00:00:00,55.9535
2013-06-21 00:00:00,56.473
2013-06-22 00:00:00,54.8042
2013-06-25 00:00:00,54.1608
2013-06-26 00:00:00,53.5426
2013-06-27 00:00:00,53.9477
2013-06-28 00:00:00,53.9208
2013-06-29 00:00:00,54.1423
2013-07-02 00:00:00,54.2474
2013-07-03 00:00:00,54.1214
2013-07-04 00:00:00,54.2666
2013-07-05 00:00:00,54.2352
2013-07-06 00:00:00,54.3225
2013-07-09 00:00:00,53.3563
2013-07-10 00:00:00,53.8699
2013-07-11 00:00:00,53.294
2013-07-12 00:00:00,53.6566
2013-07-13 00:00:00,54.0079
2013-07-16 00:00:00,53.7944
2013-07-17 00:00:00,53.6947
2013-07-18 00:00:00,54.0076
2013-07-19 00:00:00,53.97
2013-07-20 00:00:00,54.3223
2013-07-23 00:00:00,54.1924
2013-07-24 00:00:00,54.5658
2013-07-25 00:00:00,55.0049
2013-07-26 00:00:00,54.9789
2013-07-27 00:00:00,55.3387
2013-07-30 00:00:00,55.5021
2013-07-31 00:00:00,55.3631
2013-08-01 00:00:00,55.5027
2013-08-02 00:00:00,55.5756
2013-08-03 00:00:00,55.6396
2013-08-06 00:00:00,55.5593
2013-08-07 00:00:00,55.523
2013-08-08 00:00:00,55.6443
2013-08-09 00:00:00,55.8269
2013-08-10 00:00:00,55.5397
2013-08-13 00:00:00,56.0133
2013-08-14 00:00:00,56.215
2013-08-15 00:00:00,56.2234
2013-08-16 00:00:00,56.146
2013-08-17 00:00:00,55.7972
2013-08-20 00:00:00,55.6463
2013-08-21 00:00:00,55.7066
2013-08-22 00:00:00,55.2166
2013-08-23 00:00:00,54.5668
2013-08-24 00:00:00,54.2084
2013-08-27 00:00:00,54.6169
2013-08-28 00:00:00,54.7903
2013-08-29 00:00:00,55.1315
2013-08-30 00:00:00,54.5705
2013-08-31 00:00:00,54.5245
2013-09-03 00:00:00,54.7668
2013-09-04 00:00:00,54.7891
2013-09-05 00:00:00,55.1519
2013-09-06 00:00:00,54.8223
2013-09-07 00:00:00,54.6286
2013-09-10 00:00:00,54.8124
2013-09-11 00:00:00,54.8231
2013-09-12 00:00:00,55.5661
2013-09-13 00:00:00,55.164
2013-09-14 00:00:00,55.5802
2013-09-17 00:00:00,54.8136
2013-09-18 00:00:00,54.7423
2013-09-19 00:00:00,54.5342
2013-09-20 00:00:00,54.3882
2013-09-21 00:00:00,54.4644
2013-09-24 00:00:00,53.944
2013-09-25 00:00:00,53.8208
2013-09-26 00:00:00,53.2629
2013-09-27 00:00:00,53.5522
2013-09-28 00:00:00,54.0156
2013-10-01 00:00:00,54.1443
2013-10-02 00:00:00,53.9003
2013-10-03 00:00:00,53.7349
2013-10-04 00:00:00,53.4481
2013-10-05 00:00:00,53.8048
2013-10-08 00:00:00,53.9973
2013-10-09 00:00:00,54.2238
2013-10-10 00:00:00,54.0247
2013-10-11 00:00:00,53.8582
2013-10-12 00:00:00,53.4341
2013-10-15 00:00:00,53.7664
2013-10-16 00:00:00,53.9727
2013-10-17 00:00:00,53.5158
2013-10-18 00:00:00,53.8038
2013-10-19 00:00:00,53.677
2013-10-22 00:00:00,53.9384
2013-10-23 00:00:00,53.9072
2013-10-24 00:00:00,53.7319
2013-10-25 00:00:00,53.4864
2013-10-26 00:00:00,53.7791
2013-10-29 00:00:00,54.0385
2013-10-30 00:00:00,54.0772
2013-10-31 00:00:00,54.3541
2013-11-01 00:00:00,54.2683
2013-11-02 00:00:00,54.0091
2013-11-06 00:00:00,54.2454
2013-11-07 00:00:00,54.3387
2013-11-08 00:00:00,54.3722
2013-11-09 00:00:00,53.8409
2013-11-12 00:00:00,53.2062
2013-11-13 00:00:00,53.203
2013-11-14 00:00:00,53.0064
2013-11-15 00:00:00,52.9008
2013-11-16 00:00:00,53.1203
2013-11-19 00:00:00,53.2556
2013-11-20 00:00:00,53.2422
2013-11-21 00:00:00,53.7295
2013-11-22 00:00:00,53.8823
2013-11-23 00:00:00,53.9921
2013-11-26 00:00:00,53.8194
2013-11-27 00:00:00,54.0626
2013-11-28 00:00:00,54.153
2013-11-29 00:00:00,54.2722
2013-11-30 00:00:00,54.4803
2013-12-03 00:00:00,54.2018
2013-12-04 00:00:00,54.328
2013-12-05 00:00:00,54.4335
2013-12-06 00:00:00,53.9404
2013-12-07 00:00:00,53.4778
2013-12-10 00:00:00,53.2754
2013-12-11 00:00:00,53.4407
2013-12-12 00:00:00,53.6213
2013-12-13 00:00:00,53.3721
2013-12-14 00:00:00,53.0256
2013-12-17 00:00:00,53.1706
2013-12-18 00:00:00,53.5237
2013-12-19 00:00:00,53.8911
2013-12-20 00:00:00,53.7091
2013-12-21 00:00:00,53.4822
2013-12-24 00:00:00,53.5356
2013-12-25 00:00:00,53.0578
2013-12-26 00:00:00,53.0528
2013-12-27 00:00:00,53.0968
2013-12-28 00:00:00,53.3236
2013-12-31 00:00:00,53.2113
2014-01-01 00:00:00,53.7282
2014-01-10 00:00:00,53.496
2014-01-11 00:00:00,53.8354
2014-01-14 00:00:00,53.899
2014-01-15 00:00:00,54.1786
2014-01-16 00:00:00,54.6205
2014-01-17 00:00:00,54.4412
2014-01-18 00:00:00,54.0038
2014-01-21 00:00:00,54.5841
2014-01-22 00:00:00,54.7532
2014-01-23 00:00:00,54.8625
2014-01-24 00:00:00,55.2616
2014-01-25 00:00:00,56.1584
2014-01-28 00:00:00,56.4728
2014-01-29 00:00:00,56.2743
2014-01-30 00:00:00,56.4834
2014-01-31 00:00:00,57.0544
2014-02-01 00:00:00,56.2439
2014-02-04 00:00:00,56.159
2014-02-05 00:00:00,56.4233
2014-02-06 00:00:00,55.5578
2014-02-07 00:00:00,55.7041
2014-02-08 00:00:00,55.703
2014-02-11 00:00:00,56.3411
2014-02-12 00:00:00,56.7743
2014-02-13 00:00:00,56.6965
2014-02-14 00:00:00,57.1044
2014-02-15 00:00:00,57.7909
2014-02-18 00:00:00,57.7795
2014-02-19 00:00:00,57.9363
2014-02-20 00:00:00,58.8621
2014-02-21 00:00:00,58.9611
2014-02-22 00:00:00,58.4839
2014-02-25 00:00:00,58.5327
2014-02-26 00:00:00,58.91
2014-02-27 00:00:00,59.2219
2014-02-28 00:00:00,59.6096
2014-03-01 00:00:00,59.9412
2014-03-04 00:00:00,60.5439
2014-03-05 00:00:00,60.1746
2014-03-06 00:00:00,59.9317
2014-03-07 00:00:00,60.2627
2014-03-08 00:00:00,60.7044
2014-03-12 00:00:00,61.0333
2014-03-13 00:00:00,61.1174
2014-03-14 00:00:00,61.4378
2014-03-15 00:00:00,61.2766
2014-03-18 00:00:00,61.348
2014-03-19 00:00:00,61.1135
2014-03-20 00:00:00,60.7908
2014-03-21 00:00:00,59.7124
2014-03-22 00:00:00,60.0508
2014-03-25 00:00:00,59.8116
2014-03-26 00:00:00,59.7317
2014-03-27 00:00:00,58.7115
2014-03-28 00:00:00,58.7844
2014-03-29 00:00:00,59.4409
2014-04-01 00:00:00,59.2198
2014-04-02 00:00:00,58.5784
2014-04-03 00:00:00,58.9582
2014-04-04 00:00:00,59.4291
2014-04-05 00:00:00,59.0935
2014-04-08 00:00:00,59.0935
2014-04-09 00:00:00,59.4023
2014-04-10 00:00:00,59.8856
2014-04-11 00:00:00,59.8974
2014-04-12 00:00:00,60.0953
2014-04-15 00:00:00,60.4999
2014-04-16 00:00:00,60.2595
2014-04-17 00:00:00,60.6327
2014-04-18 00:00:00,60.2012
2014-04-19 00:00:00,59.3502
2014-04-22 00:00:00,59.6857
2014-04-23 00:00:00,59.6331
2014-04-24 00:00:00,59.4415
2014-04-25 00:00:00,59.6207
2014-04-26 00:00:00,59.8965
2014-04-29 00:00:00,60.0138
2014-04-30 00:00:00,59.6154
2014-05-01 00:00:00,59.5974
2014-05-06 00:00:00,60.2959
2014-05-07 00:00:00,60.0364
2014-05-08 00:00:00,59.9148
2014-05-09 00:00:00,59.4406
2014-05-13 00:00:00,59.6118
2014-05-14 00:00:00,58.9709
2014-05-15 00:00:00,58.6677
2014-05-16 00:00:00,58.509
2014-05-17 00:00:00,58.4626
2014-05-20 00:00:00,58.5983
2014-05-21 00:00:00,58.2611
2014-05-22 00:00:00,57.9379
2014-05-23 00:00:00,57.6225
2014-05-24 00:00:00,57.5862
2014-05-27 00:00:00,57.2042
2014-05-28 00:00:00,57.4986
2014-05-29 00:00:00,57.879
2014-05-30 00:00:00,58.038
2014-05-31 00:00:00,58.1888
2014-06-03 00:00:00,58.2362
2014-06-04 00:00:00,58.3632
2014-06-05 00:00:00,58.4845
2014-06-06 00:00:00,58.1932
2014-06-07 00:00:00,57.906
2014-06-10 00:00:00,57.7543
2014-06-11 00:00:00,57.5661
2014-06-12 00:00:00,57.3891
2014-06-17 00:00:00,57.562
2014-06-18 00:00:00,58.0468
2014-06-19 00:00:00,57.9903
2014-06-20 00:00:00,57.187
2014-06-21 00:00:00,56.1796
2014-06-24 00:00:00,55.987
2014-06-25 00:00:00,55.6312
2014-06-26 00:00:00,55.3159
2014-06-27 00:00:00,55.0647
2014-06-28 00:00:00,54.8928
2014-07-01 00:00:00,55.0595
2014-07-02 00:00:00,55.756
2014-07-03 00:00:00,55.5405
2014-07-04 00:00:00,55.302
2014-07-05 00:00:00,55.2413
2014-07-08 00:00:00,55.7908
2014-07-09 00:00:00,55.7873
2014-07-10 00:00:00,55.121
2014-07-11 00:00:00,54.9265
2014-07-12 00:00:00,55.1711
2014-07-15 00:00:00,55.5855
2014-07-16 00:00:00,55.5162
2014-07-17 00:00:00,55.2153
2014-07-18 00:00:00,56.1577
2014-07-19 00:00:00,56.6875
2014-07-22 00:00:00,56.6708
2014-07-23 00:00:00,56.5596
2014-07-24 00:00:00,56.2424
2014-07-25 00:00:00,56.4818
2014-07-26 00:00:00,56.4778
2014-07-29 00:00:00,56.7584
2014-07-30 00:00:00,57.1148
2014-07-31 00:00:00,57.1177
2014-08-01 00:00:00,56.5301
2014-08-02 00:00:00,56.7684
2014-08-05 00:00:00,56.8558
2014-08-06 00:00:00,57.1846
2014-08-07 00:00:00,57.4363
2014-08-08 00:00:00,57.6938
2014-08-09 00:00:00,58.297
2014-08-12 00:00:00,57.7231
2014-08-13 00:00:00,58.3502
2014-08-14 00:00:00,58.6518
2014-08-15 00:00:00,58.5323
2014-08-16 00:00:00,58.4847
2014-08-19 00:00:00,58.6406
2014-08-20 00:00:00,58.6096
2014-08-21 00:00:00,58.6386
2014-08-22 00:00:00,58.7378
2014-08-23 00:00:00,58.5829
2014-08-26 00:00:00,58.4903
2014-08-27 00:00:00,58.5698
2014-08-28 00:00:00,58.5733
2014-08-29 00:00:00,58.7902
2014-08-30 00:00:00,59.7763
2014-09-02 00:00:00,60.3022
2014-09-03 00:00:00,60.2834
2014-09-04 00:00:00,60.2394
2014-09-05 00:00:00,59.1064
2014-09-06 00:00:00,58.8772
2014-09-09 00:00:00,58.9153
2014-09-10 00:00:00,58.3272
2014-09-11 00:00:00,58.4993
2014-09-12 00:00:00,58.9068
2014-09-13 00:00:00,58.9558
2014-09-16 00:00:00,59.5776
2014-09-17 00:00:00,60.4391
2014-09-18 00:00:00,59.9728
2014-09-19 00:00:00,59.786
2014-09-20 00:00:00,60.6559
2014-09-23 00:00:00,60.8527
2014-09-24 00:00:00,60.9499
2014-09-25 00:00:00,60.4742
2014-09-26 00:00:00,59.7226
2014-09-27 00:00:00,60.5077
2014-09-30 00:00:00,61.0399
2014-10-01 00:00:00,61.1708
2014-10-02 00:00:00,61.5893
2014-10-03 00:00:00,61.3224
2014-10-04 00:00:00,61.5063
2014-10-07 00:00:00,61.4059
2014-10-08 00:00:00,61.3762
2014-10-09 00:00:00,61.6995
2014-10-10 00:00:00,62.2528
2014-10-11 00:00:00,61.9149
2014-10-14 00:00:00,61.9481
2014-10-15 00:00:00,62.3362
2014-10-16 00:00:00,62.0986
2014-10-17 00:00:00,62.1531
2014-10-18 00:00:00,62.5057
2014-10-21 00:00:00,62.3507
2014-10-22 00:00:00,62.7773
2014-10-23 00:00:00,62.2657
2014-10-24 00:00:00,62.5087
2014-10-25 00:00:00,63.5026
2014-10-28 00:00:00,63.7427
2014-10-29 00:00:00,64.2918
2014-10-30 00:00:00,64.4054
2014-10-31 00:00:00,64.454
2014-11-01 00:00:00,62.5805
2014-11-06 00:00:00,64.1571
2014-11-07 00:00:00,66.1631
2014-11-08 00:00:00,69.7372
2014-11-11 00:00:00,67.4514
2014-11-12 00:00:00,67.1911
2014-11-13 00:00:00,68.165
2014-11-14 00:00:00,67.8394
2014-11-15 00:00:00,69.7937
2014-11-18 00:00:00,70.0636
2014-11-19 00:00:00,69.4987
2014-11-20 00:00:00,69.7579
2014-11-21 00:00:00,68.7967
2014-11-22 00:00:00,67.8922
2014-11-25 00:00:00,65.9829
2014-11-26 00:00:00,66.2032
2014-11-27 00:00:00,68.1479
2014-11-28 00:00:00,69.6683
2014-11-29 00:00:00,70.5406
2014-12-02 00:00:00,73.6363
2014-12-03 00:00:00,72.7645
2014-12-04 00:00:00,77.3946
2014-12-05 00:00:00,74.7114
2014-12-06 00:00:00,75.0251
2014-12-09 00:00:00,74.4004
2014-12-10 00:00:00,75.8013
2014-12-11 00:00:00,75.9378
2014-12-12 00:00:00,76.739
2014-12-13 00:00:00,77.7839
2014-12-16 00:00:00,78.9517
2014-12-17 00:00:00,82.0954
2014-12-18 00:00:00,89.8304
2014-12-19 00:00:00,80.1772
2014-12-20 00:00:00,82.0766
2014-12-23 00:00:00,76.8563
2014-12-24 00:00:00,73.5378
2014-12-25 00:00:00,73.4038
2014-12-26 00:00:00,70.7812
2014-12-27 00:00:00,69.7324
2014-12-30 00:00:00,75.7178
2014-12-31 00:00:00,75.7944
2015-01-01 00:00:00,75.6838
2015-01-13 00:00:00,81.4948
2015-01-14 00:00:00,83.6311
2015-01-15 00:00:00,85.1398
2015-01-16 00:00:00,84.5951
2015-01-17 00:00:00,85.2949
2015-01-20 00:00:00,85.8049
2015-01-21 00:00:00,85.1351
2015-01-22 00:00:00,85.6066
2015-01-23 00:00:00,86.1342
2015-01-24 00:00:00,82.3296
2015-01-27 00:00:00,84.4094
2015-01-28 00:00:00,87.1617
2015-01-29 00:00:00,86.5778
2015-01-30 00:00:00,87.6964
2015-01-31 00:00:00,88.0816
2015-02-03 00:00:00,90.0517
2015-02-04 00:00:00,88.6926
2015-02-05 00:00:00,86.6584
2015-02-06 00:00:00,90.3577
2015-02-07 00:00:00,87.862
2015-02-10 00:00:00,86.4116
2015-02-11 00:00:00,86.1019
2015-02-12 00:00:00,87.1427
2015-02-13 00:00:00,86.6707
2015-02-14 00:00:00,85.443
2015-02-17 00:00:00,82.8101
2015-02-18 00:00:00,83.1265
2015-02-19 00:00:00,82.9204
2015-02-20 00:00:00,82.5855
2015-02-21 00:00:00,81.2739
2015-02-25 00:00:00,83.2666
2015-02-26 00:00:00,82.3268
2015-02-27 00:00:00,80.528
2015-02-28 00:00:00,80.3196
2015-03-03 00:00:00,80.9692
2015-03-04 00:00:00,81.1272
2015-03-05 00:00:00,80.3137
2015-03-06 00:00:00,79.3117
2015-03-07 00:00:00,77.6207
2015-03-11 00:00:00,75.8406
2015-03-12 00:00:00,77.1101
2015-03-13 00:00:00,75.1557
2015-03-14 00:00:00,75.3054
2015-03-17 00:00:00,75.6438
2015-03-18 00:00:00,74.3361
2015-03-19 00:00:00,73.7182
2015-03-20 00:00:00,71.5483
2015-03-21 00:00:00,74.2307
2015-03-24 00:00:00,73.7076
2015-03-25 00:00:00,74.6535
2015-03-26 00:00:00,73.2101
2015-03-27 00:00:00,72.9447
2015-03-28 00:00:00,72.0905
2015-03-31 00:00:00,73.1993
2015-04-01 00:00:00,71.2318
2015-04-02 00:00:00,72.1109
2015-04-03 00:00:00,71.4754
2015-04-04 00:00:00,70.9932
2015-04-07 00:00:00,71.3173
2015-04-08 00:00:00,69.1012
2015-04-09 00:00:00,67.3821
2015-04-10 00:00:00,64.9064
2015-04-11 00:00:00,62.8341
2015-04-14 00:00:00,64.6674
2015-04-15 00:00:00,64.3987
2015-04-16 00:00:00,63.4408
2015-04-17 00:00:00,63.1747
2015-04-18 00:00:00,65.0215
2015-04-21 00:00:00,66.0242
2015-04-22 00:00:00,68.3434
2015-04-23 00:00:00,68.4504
2015-04-24 00:00:00,64.9921
2015-04-25 00:00:00,64.5827
2015-04-28 00:00:00,66.0672
2015-04-29 00:00:00,67.6314
2015-04-30 00:00:00,67.7307
2015-05-01 00:00:00,68.5295
2015-05-06 00:00:00,67.5525
2015-05-07 00:00:00,66.4508
2015-05-08 00:00:00,68.5405
2015-05-09 00:00:00,67.8763
2015-05-13 00:00:00,68.0587
2015-05-14 00:00:00,66.5224
2015-05-15 00:00:00,68.1529
2015-05-16 00:00:00,68.0503
2015-05-19 00:00:00,66.8625
2015-05-20 00:00:00,65.8504
2015-05-21 00:00:00,65.9137
2015-05-22 00:00:00,66.2329
2015-05-23 00:00:00,66.2058
2015-05-26 00:00:00,65.0481
2015-05-27 00:00:00,65.4761
2015-05-28 00:00:00,66.0912
2015-05-29 00:00:00,67.4501
2015-05-30 00:00:00,68.1508
2015-06-02 00:00:00,67.2343
2015-06-03 00:00:00,67.5199
2015-06-04 00:00:00,67.993
2015-06-05 00:00:00,70.9495
2015-06-06 00:00:00,71.7656
2015-06-09 00:00:00,70.6443
2015-06-10 00:00:00,71.3757
2015-06-11 00:00:00,71.3595
2015-06-12 00:00:00,70.0944
2015-06-16 00:00:00,71.2178
2015-06-17 00:00:00,69.5194
2015-06-18 00:00:00,69.4533
2015-06-19 00:00:00,69.5925
2015-06-20 00:00:00,69.0008
2015-06-23 00:00:00,69.1021
2015-06-24 00:00:00,69.6029
2015-06-25 00:00:00,69.3078
2015-06-26 00:00:00,70.0437
2015-06-27 00:00:00,70.2168
2015-06-30 00:00:00,70.3013
2015-07-01 00:00:00,70.8466
2015-07-02 00:00:00,70.5473
2015-07-03 00:00:00,70.3325
2015-07-04 00:00:00,69.9635
2015-07-07 00:00:00,70.1344
2015-07-08 00:00:00,70.0075
2015-07-09 00:00:00,69.2772
2015-07-10 00:00:00,69.192
2015-07-11 00:00:00,70.6599
2015-07-14 00:00:00,70.3859
2015-07-15 00:00:00,70.2835
2015-07-16 00:00:00,69.5667
2015-07-17 00:00:00,70.0195
2015-07-18 00:00:00,69.746
2015-07-21 00:00:00,69.316
2015-07-22 00:00:00,69.2896
2015-07-23 00:00:00,70.1487
2015-07-24 00:00:00,70.3431
2015-07-25 00:00:00,70.7514
2015-07-28 00:00:00,72.0292
2015-07-29 00:00:00,73.4347
2015-07-30 00:00:00,73.3295
2015-07-31 00:00:00,72.2579
2015-08-01 00:00:00,73.6598
2015-08-04 00:00:00,76.0364
2015-08-05 00:00:00,76.4025
2015-08-06 00:00:00,75.7057
2015-08-07 00:00:00,77.1253
2015-08-08 00:00:00,77.119
2015-08-11 00:00:00,78.074
2015-08-12 00:00:00,77.1538
2015-08-13 00:00:00,78.9212
2015-08-14 00:00:00,78.4184
2015-08-15 00:00:00,78.9806
2015-08-18 00:00:00,79.2348
2015-08-19 00:00:00,79.8671
2015-08-20 00:00:00,79.3315
2015-08-21 00:00:00,80.5873
2015-08-22 00:00:00,83.0134
2015-08-25 00:00:00,86.7076
2015-08-26 00:00:00,86.0843
2015-08-27 00:00:00,83.8019
2015-08-28 00:00:00,81.1367
2015-08-29 00:00:00,80.1383
2015-09-01 00:00:00,80.1259
2015-09-02 00:00:00,78.1973
2015-09-03 00:00:00,80.3621
2015-09-04 00:00:00,81.1242
2015-09-05 00:00:00,81.8737
2015-09-08 00:00:00,82.5923
2015-09-09 00:00:00,83.1047
2015-09-10 00:00:00,81.9808
2015-09-11 00:00:00,83.5196
2015-09-12 00:00:00,82.8382
2015-09-15 00:00:00,83.2736
2015-09-16 00:00:00,81.7995
2015-09-17 00:00:00,80.3012
2015-09-18 00:00:00,80.5639
2015-09-19 00:00:00,81.4852
2015-09-22 00:00:00,81.0964
2015-09-23 00:00:00,80.2293
2015-09-24 00:00:00,79.6769
2015-09-25 00:00:00,78.7683
2015-09-26 00:00:00,77.1051
2015-09-29 00:00:00,76.7089
2015-09-30 00:00:00,77.9962
2015-10-01 00:00:00,77.9523
2015-10-02 00:00:00,76.8038
2015-10-03 00:00:00,77.9643
2015-10-06 00:00:00,78.6689
2015-10-07 00:00:00,77.6971
2015-10-08 00:00:00,76.0701
2015-10-09 00:00:00,76.1962
2015-10-10 00:00:00,75.5444
2015-10-13 00:00:00,75.6635
2015-10-14 00:00:00,76.9096
2015-10-15 00:00:00,77.8646
2015-10-16 00:00:00,77.1924
2015-10-17 00:00:00,75.9164
2015-10-20 00:00:00,75.917
2015-10-21 00:00:00,76.509
2015-10-22 00:00:00,76.843
2015-10-23 00:00:00,76.7242
2015-10-24 00:00:00,74.6371
2015-10-27 00:00:00,74.7698
2015-10-28 00:00:00,75.7147
2015-10-29 00:00:00,77.0053
2015-10-30 00:00:00,74.8549
2015-10-31 00:00:00,75.0081
2015-11-03 00:00:00,75.3345
2015-11-04 00:00:00,75.0403
2015-11-06 00:00:00,73.3939
2015-11-07 00:00:00,74.3771
2015-11-10 00:00:00,74.8161
2015-11-11 00:00:00,74.4308
2015-11-12 00:00:00,75.0108
2015-11-13 00:00:00,75.8097
2015-11-14 00:00:00,76.5876
2015-11-17 00:00:00,76.5262
2015-11-18 00:00:00,75.127
2015-11-19 00:00:00,74.7079
2015-11-20 00:00:00,74.9587
2015-11-21 00:00:00,75.1544
2015-11-24 00:00:00,75.7317
2015-11-25 00:00:00,75.7783
2015-11-26 00:00:00,75.8112
2015-11-27 00:00:00,75.8033
2015-11-28 00:00:00,76.3337
2015-12-01 00:00:00,76.6132
2015-12-02 00:00:00,76.4041
2015-12-03 00:00:00,77.2975
2015-12-04 00:00:00,78.3394
2015-12-05 00:00:00,79.4648
2015-12-08 00:00:00,79.9137
2015-12-09 00:00:00,79.8712
2015-12-10 00:00:00,79.1336
2015-12-11 00:00:00,80.0647
2015-12-12 00:00:00,79.9042
2015-12-15 00:00:00,81.1346
2015-12-16 00:00:00,81.5116
2015-12-17 00:00:00,80.8772
2015-12-18 00:00:00,80.0588
2015-12-19 00:00:00,81.3411
2015-12-22 00:00:00,81.1656
2015-12-23 00:00:00,81.3808
2015-12-24 00:00:00,81.2254
2015-12-25 00:00:00,80.0079
2015-12-26 00:00:00,80.8145
2015-12-29 00:00:00,81.5381
2015-12-30 00:00:00,83.5676
2015-12-31 00:00:00,83.3803
2016-01-01 00:00:00,82.7752
2016-01-12 00:00:00,85.4896
2016-01-13 00:00:00,85.9021
2016-01-14 00:00:00,86.2545
2016-01-15 00:00:00,86.5684
2016-01-16 00:00:00,86.8045
2016-01-19 00:00:00,88.4952
2016-01-20 00:00:00,88.6189
2016-01-21 00:00:00,90.0331
2016-01-22 00:00:00,93.9186
2016-01-23 00:00:00,91.6772
2016-01-26 00:00:00,88.6843
2016-01-27 00:00:00,93.2919
2016-01-28 00:00:00,90.6624
2016-01-29 00:00:00,89.4421
2016-01-30 00:00:00,87.1452
2016-02-02 00:00:00,87.9357
2016-02-03 00:00:00,89.2863
2016-02-04 00:00:00,90.9657
2016-02-05 00:00:00,89.3538
2016-02-06 00:00:00,90.8546
2016-02-09 00:00:00,89.9227
2016-02-10 00:00:00,91.6392
2016-02-11 00:00:00,92.3141
2016-02-12 00:00:00,92.5044
2016-02-13 00:00:00,92.4426
2016-02-16 00:00:00,90.3537
2016-02-17 00:00:00,88.5324
2016-02-18 00:00:00,90.3167
2016-02-19 00:00:00,88.0505
2016-02-20 00:00:00,89.0822
2016-02-21 00:00:00,90.1788
2016-02-25 00:00:00,88.738
2016-02-26 00:00:00,88.0823
2016-02-27 00:00:00,87.0814
2016-03-01 00:00:00,87.1165
2016-03-02 00:00:00,85.6537
2016-03-03 00:00:00,85.0043
2016-03-04 00:00:00,85.0313
2016-03-05 00:00:00,85.2967
2016-03-10 00:00:00,84.3511
2016-03-11 00:00:00,83.2546
2016-03-12 00:00:00,82.6224
2016-03-15 00:00:00,82.9923
2016-03-16 00:00:00,82.8673
2016-03-17 00:00:00,82.7206
2016-03-18 00:00:00,81.6295
2016-03-19 00:00:00,81.9978
2016-03-22 00:00:00,81.839
2016-03-23 00:00:00,80.2876
2016-03-24 00:00:00,80.1784
2016-03-25 00:00:00,81.0764
2016-03-26 00:00:00,80.5995
2016-03-29 00:00:00,80.0112
2016-03-30 00:00:00,81.2293
2016-03-31 00:00:00,81.3295
2016-04-01 00:00:00,81.7907
2016-04-02 00:00:00,81.2983
2016-04-05 00:00:00,82.4265
2016-04-06 00:00:00,82.4972
2016-04-07 00:00:00,82.099
2016-04-08 00:00:00,81.566
2016-04-09 00:00:00,81.4534
2016-04-12 00:00:00,81.606
2016-04-13 00:00:00,81.5057
2016-04-14 00:00:00,80.2017
2016-04-15 00:00:00,80.5136
2016-04-16 00:00:00,80.1208
2016-04-19 00:00:00,82.5493
2016-04-20 00:00:00,80.3115
2016-04-21 00:00:00,81.1417
2016-04-22 00:00:00,79.9005
2016-04-23 00:00:00,80.7618
2016-04-26 00:00:00,81.1387
2016-04-27 00:00:00,81.0962
2016-04-28 00:00:00,79.9433
2016-04-29 00:00:00,79.8583
2016-04-30 00:00:00,79.3896
2016-05-05 00:00:00,81.3881
2016-05-06 00:00:00,80.8538
2016-05-07 00:00:00,80.661
2016-05-11 00:00:00,80.6632
2016-05-12 00:00:00,80.6403
2016-05-13 00:00:00,80.0472
2016-05-14 00:00:00,79.4793
2016-05-17 00:00:00,79.4173
2016-05-18 00:00:00,79.0988
2016-05-19 00:00:00,79.0102
2016-05-20 00:00:00,79.4068
2016-05-21 00:00:00,79.8872
2016-05-24 00:00:00,80.3985
2016-05-25 00:00:00,79.7551
2016-05-26 00:00:00,79.0657
2016-05-27 00:00:00,78.6697
2016-05-28 00:00:00,79.5582
2016-05-31 00:00:00,78.9205
2016-06-01 00:00:00,78.7704
2016-06-02 00:00:00,79.8404
2016-06-03 00:00:00,80.2775
2016-06-04 00:00:00,80.2315
2016-06-07 00:00:00,80.3986
2016-06-08 00:00:00,80.1171
2016-06-09 00:00:00,79.8742
2016-06-10 00:00:00,78.1705
2016-06-11 00:00:00,79.1735
2016-06-15 00:00:00,79.1297
2016-06-16 00:00:00,78.9106
2016-06-17 00:00:00,78.8944
2016-06-18 00:00:00,77.9834
2016-06-21 00:00:00,77.5134
2016-06-22 00:00:00,77.6929
2016-06-23 00:00:00,76.7943
2016-06-24 00:00:00,78.0304
2016-06-25 00:00:00,77.6821
2016-06-28 00:00:00,76.8399
2016-06-29 00:00:00,76.5364
2016-06-30 00:00:00,75.8138
2016-07-01 00:00:00,76.5434
2016-07-02 00:00:00,76.4714
2016-07-05 00:00:00,76.3016
2016-07-06 00:00:00,77.2828
2016-07-07 00:00:00,76.5573
2016-07-08 00:00:00,75.72
2016-07-09 00:00:00,75.5264
2016-07-12 00:00:00,75.4825
2016-07-13 00:00:00,75.7592
2016-07-14 00:00:00,75.5864
2016-07-15 00:00:00,75.662
2016-07-16 00:00:00,75.4589
2016-07-19 00:00:00,74.7184
2016-07-20 00:00:00,74.486
2016-07-21 00:00:00,74.4154
2016-07-22 00:00:00,74.9269
2016-07-23 00:00:00,75.9808
2016-07-26 00:00:00,75.7764
2016-07-27 00:00:00,76.5576
2016-07-28 00:00:00,76.8852
2016-07-29 00:00:00,77.7995
2016-07-30 00:00:00,78.362
2016-08-02 00:00:00,78.1591
2016-08-03 00:00:00,78.9275
2016-08-04 00:00:00,79.0613
2016-08-05 00:00:00,78.4124
2016-08-06 00:00:00,77.7039
2016-08-09 00:00:00,76.6241
2016-08-10 00:00:00,76.3351
2016-08-11 00:00:00,77.8309
2016-08-12 00:00:00,78.2942
2016-08-13 00:00:00,78.3034
2016-08-16 00:00:00,78.1523
2016-08-17 00:00:00,78.3603
2016-08-18 00:00:00,77.8993
2016-08-19 00:00:00,77.6955
2016-08-20 00:00:00,78.004
2016-08-23 00:00:00,77.977
2016-08-24 00:00:00,78.8522
2016-08-25 00:00:00,79.1989
2016-08-26 00:00:00,79.1734
2016-08-27 00:00:00,78.7548
2016-08-30 00:00:00,78.408
2016-08-31 00:00:00,78.0716
2016-09-01 00:00:00,78.3609
2016-09-02 00:00:00,77.7262
2016-09-03 00:00:00,78.9988
2016-09-06 00:00:00,78.3153
2016-09-07 00:00:00,78.6321
2016-09-08 00:00:00,78.7451
2016-09-09 00:00:00,78.6257
2016-09-10 00:00:00,78.165
2016-09-13 00:00:00,78.8074
2016-09-14 00:00:00,78.8407
2016-09-15 00:00:00,78.777
2016-09-16 00:00:00,78.9409
2016-09-17 00:00:00,78.9155
2016-09-20 00:00:00,78.3874
2016-09-21 00:00:00,78.1322
2016-09-22 00:00:00,77.7042
2016-09-23 00:00:00,78.3308
2016-09-24 00:00:00,78.4997
2016-09-27 00:00:00,78.8692
2016-09-28 00:00:00,78.8571
2016-09-29 00:00:00,78.7641
2016-09-30 00:00:00,78.4037
2016-10-01 00:00:00,78.8782
2016-10-04 00:00:00,78.6239
2016-10-05 00:00:00,78.2477
2016-10-06 00:00:00,77.917
2016-10-07 00:00:00,77.6546
2016-10-08 00:00:00,77.0992
2016-10-11 00:00:00,76.7678
2016-10-12 00:00:00,76.4174
2016-10-13 00:00:00,76.543
2016-10-14 00:00:00,76.7613
2016-10-15 00:00:00,76.8681
2016-10-18 00:00:00,76.6982
2016-10-19 00:00:00,77.1732
2016-10-20 00:00:00,76.7978
2016-10-21 00:00:00,76.5704
2016-10-22 00:00:00,75.9861
2016-10-25 00:00:00,75.5278
2016-10-26 00:00:00,75.1824
2016-10-27 00:00:00,75.3558
2016-10-28 00:00:00,76.6666
2016-10-29 00:00:00,76.0782
2016-11-01 00:00:00,76.6467
2016-11-02 00:00:00,76.717
2016-11-03 00:00:00,77.5245
2016-11-04 00:00:00,77.6612
2016-11-08 00:00:00,77.8078
2016-11-09 00:00:00,77.4026
2016-11-10 00:00:00,77.7247
2016-11-11 00:00:00,76.4823
2016-11-12 00:00:00,77.7417
2016-11-15 00:00:00,77.8559
2016-11-16 00:00:00,78.0201
2016-11-17 00:00:00,76.4395
2016-11-18 00:00:00,76.5783
2016-11-19 00:00:00,75.8105
2016-11-22 00:00:00,75.3668
2016-11-23 00:00:00,74.6652
2016-11-24 00:00:00,75.0624
2016-11-25 00:00:00,74.8762
2016-11-26 00:00:00,75.4859
2016-11-29 00:00:00,76.0979
2016-11-30 00:00:00,75.8551
2016-12-01 00:00:00,76.4316
2016-12-02 00:00:00,74.9387
2016-12-03 00:00:00,76.1566
2016-12-06 00:00:00,75.8348
2016-12-07 00:00:00,76.4749
2016-12-08 00:00:00,76.0578
2016-12-09 00:00:00,75.8672
2016-12-10 00:00:00,74.911
2016-12-13 00:00:00,72.9202
2016-12-14 00:00:00,72.3892
2016-12-15 00:00:00,72.0387
2016-12-16 00:00:00,71.5393
2016-12-17 00:00:00,71.2868
2016-12-20 00:00:00,71.5231
2016-12-21 00:00:00,71.0209
2016-12-22 00:00:00,70.3853
2016-12-23 00:00:00,70.065
2016-12-24 00:00:00,69.8157
2016-12-27 00:00:00,70.0016
2016-12-28 00:00:00,69.9043
2016-12-29 00:00:00,69.6816
2016-12-30 00:00:00,69.3136
2016-12-31 00:00:00,70.2837
2017-01-10 00:00:00,70.131
2017-01-11 00:00:00,70.1709
2017-01-12 00:00:00,69.8982
2017-01-13 00:00:00,69.9793
2017-01-14 00:00:00,69.7404
2017-01-17 00:00:00,69.8756
2017-01-18 00:00:00,69.9804
2017-01-19 00:00:00,69.9323
2017-01-20 00:00:00,70.0899
2017-01-21 00:00:00,70.5791
2017-01-24 00:00:00,70.9066
2017-01-25 00:00:00,70.9183
2017-01-26 00:00:00,70.9041
2017-01-27 00:00:00,71.6826
2017-01-28 00:00:00,72.3708
2017-01-31 00:00:00,72.2265
2017-02-01 00:00:00,72.3934
2017-02-02 00:00:00,73.0887
2017-02-03 00:00:00,73.198
2017-02-04 00:00:00,71.8788
2017-02-07 00:00:00,71.2569
2017-02-08 00:00:00,71.0664
2017-02-09 00:00:00,71.3901
2017-02-10 00:00:00,70.9153
2017-02-11 00:00:00,70.2174
2017-02-14 00:00:00,69.3939
2017-02-15 00:00:00,68.997
2017-02-16 00:00:00,67.5237
2017-02-17 00:00:00,68.737
2017-02-18 00:00:00,69.3594
2017-02-21 00:00:00,69.677
2017-02-22 00:00:00,69.1523
2017-02-23 00:00:00,68.6201
2017-02-28 00:00:00,69.2646
2017-03-01 00:00:00,69.2398
2017-03-02 00:00:00,69.3625
2017-03-03 00:00:00,69.2893
2017-03-04 00:00:00,69.4758
2017-03-07 00:00:00,69.2575
2017-03-08 00:00:00,68.7339
2017-03-10 00:00:00,68.8913
2017-03-11 00:00:00,68.9488
2017-03-14 00:00:00,68.9747
2017-03-15 00:00:00,68.6166
2017-03-16 00:00:00,68.8816
2017-03-17 00:00:00,68.6407
2017-03-18 00:00:00,68.314
2017-03-21 00:00:00,67.7629
2017-03-22 00:00:00,67.7722
2017-03-23 00:00:00,67.8574
2017-03-24 00:00:00,67.8543
2017-03-25 00:00:00,67.564
2017-03-28 00:00:00,67.6056
2017-03-29 00:00:00,67.0708
2017-03-30 00:00:00,66.9273
2017-03-31 00:00:00,66.127
2017-04-01 00:00:00,65.2548
2017-04-04 00:00:00,65.4521
2017-04-05 00:00:00,65.6925
2017-04-06 00:00:00,65.1779
2017-04-07 00:00:00,65.593
2017-04-08 00:00:00,66.0288
2017-04-11 00:00:00,66.2697
2017-04-12 00:00:00,66.1946
2017-04-13 00:00:00,66.205
2017-04-14 00:00:00,66.1631
2017-04-15 00:00:00,65.6595
2017-04-18 00:00:00,65.5967
2017-04-19 00:00:00,65.4147
2017-04-20 00:00:00,65.8438
2017-04-21 00:00:00,65.9141
2017-04-22 00:00:00,65.1958
2017-04-25 00:00:00,65.8294
2017-04-26 00:00:00,65.1698
2017-04-27 00:00:00,65.8417
2017-04-28 00:00:00,66.6597
2017-04-29 00:00:00,66.7195
2017-05-03 00:00:00,66.2839
2017-05-04 00:00:00,66.383
2017-05-05 00:00:00,66.5358
2017-05-06 00:00:00,67.6844
2017-05-11 00:00:00,66.8728
2017-05-12 00:00:00,66.6108
2017-05-13 00:00:00,66.5286
2017-05-16 00:00:00,66.288
2017-05-17 00:00:00,66.2837
2017-05-18 00:00:00,67.1372
2017-05-19 00:00:00,67.8084
2017-05-20 00:00:00,67.9952
2017-05-23 00:00:00,67.3118
2017-05-24 00:00:00,67.9497
2017-05-25 00:00:00,67.1427
2017-05-26 00:00:00,67.4114
2017-05-27 00:00:00,67.6714
2017-05-30 00:00:00,67.5343
2017-05-31 00:00:00,67.0377
2017-06-01 00:00:00,67.1415
2017-06-02 00:00:00,67.1122
2017-06-03 00:00:00,66.9686
2017-06-06 00:00:00,67.2469
2017-06-07 00:00:00,67.0326
2017-06-08 00:00:00,66.8231
2017-06-09 00:00:00,67.1843
2017-06-10 00:00:00,66.7729
2017-06-14 00:00:00,67.6328
2017-06-15 00:00:00,67.7376
2017-06-16 00:00:00,67.7762
2017-06-17 00:00:00,68.0504
2017-06-20 00:00:00,68.5413
2017-06-21 00:00:00,69.1821
2017-06-22 00:00:00,70.0779
2017-06-23 00:00:00,70.7318
2017-06-24 00:00:00,70.5584
2017-06-27 00:00:00,69.7754
2017-06-28 00:00:00,69.6345
2017-06-29 00:00:00,70.6925
2017-06-30 00:00:00,70.6114
2017-07-01 00:00:00,70.9224
2017-07-04 00:00:00,70.5453
2017-07-05 00:00:00,70.8046
2017-07-06 00:00:00,71.2459
2017-07-07 00:00:00,71.8508
2017-07-08 00:00:00,72.012
2017-07-11 00:00:00,72.375
2017-07-12 00:00:00,72.7526
2017-07-13 00:00:00,73.3522
2017-07-14 00:00:00,72.7945
2017-07-15 00:00:00,72.6662
2017-07-18 00:00:00,72.1836
2017-07-19 00:00:00,73.2065
2017-07-20 00:00:00,73.2565
2017-07-21 00:00:00,73.0864
2017-07-22 00:00:00,73.301
2017-07-25 00:00:00,74.1535
2017-07-26 00:00:00,74.8883
2017-07-27 00:00:00,74.9243
2017-07-28 00:00:00,75.0451
2017-07-29 00:00:00,74.9523
2017-08-01 00:00:00,75.76
2017-08-02 00:00:00,75.8391
2017-08-03 00:00:00,76.6345
2017-08-04 00:00:00,76.7088
2017-08-05 00:00:00,76.4615
2017-08-08 00:00:00,75.6477
2017-08-09 00:00:00,75.984
2017-08-10 00:00:00,75.364
2017-08-11 00:00:00,75.2405
2017-08-12 00:00:00,75.3622
2017-08-15 00:00:00,75.3649
2017-08-16 00:00:00,75.1836
2017-08-17 00:00:00,75.0464
2017-08-18 00:00:00,74.8689
2017-08-19 00:00:00,74.7246
2017-08-22 00:00:00,74.7153
2017-08-23 00:00:00,74.7015
2017-08-24 00:00:00,74.7938
2017-08-25 00:00:00,75.2892
2017-08-26 00:00:00,75.4366
2017-08-29 00:00:00,75.4431
2017-08-30 00:00:00,75.8255
2017-08-31 00:00:00,75.6633
2017-09-01 00:00:00,74.8777
2017-09-02 00:00:00,74.616
2017-09-05 00:00:00,74.1038
2017-09-06 00:00:00,74.037
2017-09-07 00:00:00,73.813
2017-09-08 00:00:00,73.4943
2017-09-09 00:00:00,73.741
2017-09-12 00:00:00,73.5279
2017-09-13 00:00:00,72.9517
2017-09-14 00:00:00,73.6142
2017-09-15 00:00:00,73.2544
2017-09-16 00:00:00,72.9853
2017-09-19 00:00:00,73.5594
2017-09-20 00:00:00,74.4367
2017-09-21 00:00:00,74.4843
2017-09-22 00:00:00,74.4288
2017-09-23 00:00:00,74.0761
2017-09-26 00:00:00,73.6091
2017-09-27 00:00:00,73.2628
2017-09-28 00:00:00,73.0957
2017-09-29 00:00:00,73.2865
2017-09-30 00:00:00,73.025
2017-10-03 00:00:00,72.2595
2017-10-04 00:00:00,72.2872
2017-10-05 00:00:00,72.5546
2017-10-06 00:00:00,72.4017
2017-10-07 00:00:00,72.0089
2017-10-10 00:00:00,72.9632
2017-10-11 00:00:00,72.9017
2017-10-12 00:00:00,73.0293
2017-10-13 00:00:00,72.9466
2017-10-14 00:00:00,72.9168
2017-10-17 00:00:00,72.1294
2017-10-18 00:00:00,72.3313
2017-10-19 00:00:00,72.0757
2017-10-20 00:00:00,72.2396
2017-10-21 00:00:00,72.0799
2017-10-24 00:00:00,71.8679
2017-10-25 00:00:00,71.9545
2017-10-26 00:00:00,71.8361
2017-10-27 00:00:00,71.8971
2017-10-28 00:00:00,71.1186
2017-10-31 00:00:00,70.9933
2017-11-01 00:00:00,71.1636
2017-11-02 00:00:00,71.2064
2017-11-03 00:00:00,71.2294
2017-11-04 00:00:00,71.6699
2017-11-08 00:00:00,71.7063
2017-11-09 00:00:00,72.5278
2017-11-10 00:00:00,72.578
2017-11-11 00:00:00,72.8919
2017-11-14 00:00:00,72.6975
2017-11-15 00:00:00,73.044
2017-11-16 00:00:00,73.6117
2017-11-17 00:00:00,72.9759
2017-11-18 00:00:00,72.6304
2017-11-21 00:00:00,71.8306
2017-11-22 00:00:00,71.423
2017-11-23 00:00:00,72.0193
2017-11-24 00:00:00,71.7081
2017-11-25 00:00:00,71.9099
2017-11-28 00:00:00,71.57
2017-11-29 00:00:00,71.5857
2017-11-30 00:00:00,71.0627
2017-12-01 00:00:00,70.6123
2017-12-02 00:00:00,70.5098
2017-12-05 00:00:00,71.1336
2017-12-06 00:00:00,70.3274
2017-12-07 00:00:00,71.0979
2017-12-08 00:00:00,71.5879
2017-12-09 00:00:00,71.188
2017-12-12 00:00:00,70.8677
2017-12-13 00:00:00,70.3834
2017-12-14 00:00:00,70.8268
2017-12-15 00:00:00,70.4628
2017-12-16 00:00:00,71.0513
2017-12-19 00:00:00,70.1159
2017-12-20 00:00:00,70.108
2017-12-21 00:00:00,70.2693
2017-12-22 00:00:00,69.866
2017-12-23 00:00:00,69.6992
2017-12-26 00:00:00,70.0213
2017-12-27 00:00:00,69.3722
2017-12-28 00:00:00,69.079
2017-12-29 00:00:00,69.9909
2017-12-30 00:00:00,70.0664
2018-01-10 00:00:00,70.5434
2018-01-11 00:00:00,70.5993
2018-01-12 00:00:00,70.6065
2018-01-13 00:00:00,70.748
2018-01-16 00:00:00,71.1775
2018-01-17 00:00:00,71.6227
2018-01-18 00:00:00,71.9366
2018-01-19 00:00:00,72.128
2018-01-20 00:00:00,72.2326
2018-01-23 00:00:00,72.2014
2018-01-24 00:00:00,71.6455
2018-01-25 00:00:00,72.247
2018-01-26 00:00:00,72.323
2018-01-27 00:00:00,72.6559
2018-01-30 00:00:00,73.0869
2018-01-31 00:00:00,72.7223
2018-02-01 00:00:00,73.0687
2018-02-02 00:00:00,73.1759
2018-02-03 00:00:00,73.254
2018-02-06 00:00:00,73.2818
2018-02-07 00:00:00,73.2598
2018-02-08 00:00:00,72.728
2018-02-09 00:00:00,72.8257
2018-02-10 00:00:00,72.9372
2018-02-13 00:00:00,72.9399
2018-02-14 00:00:00,73.2593
2018-02-15 00:00:00,73.3844
2018-02-16 00:00:00,72.9379
2018-02-17 00:00:00,72.8991
2018-02-20 00:00:00,72.3944
2018-02-21 00:00:00,72.2837
2018-02-22 00:00:00,72.1033
2018-02-23 00:00:00,71.9065
2018-02-27 00:00:00,71.5191
2018-02-28 00:00:00,71.1532
2018-03-01 00:00:00,71.3318
2018-03-02 00:00:00,71.4636
2018-03-03 00:00:00,72.1326
2018-03-06 00:00:00,72.9507
2018-03-07 00:00:00,72.3252
2018-03-08 00:00:00,72.9089
2018-03-13 00:00:00,72.8028
2018-03-14 00:00:00,73.4145
2018-03-15 00:00:00,73.6308
2018-03-16 00:00:00,73.7468
2018-03-17 00:00:00,74.5284
2018-03-20 00:00:00,74.2838
2018-03-21 00:00:00,74.9218
2018-03-22 00:00:00,74.3844
2018-03-23 00:00:00,73.9418
2018-03-24 00:00:00,73.5207
2018-03-27 00:00:00,73.9465
2018-03-28 00:00:00,74.4433
2018-03-29 00:00:00,74.1893
2018-03-30 00:00:00,73.3866
2018-03-31 00:00:00,73.1091
2018-04-03 00:00:00,73.0555
2018-04-04 00:00:00,73.2887
2018-04-05 00:00:00,73.716
2018-04-06 00:00:00,73.7623
2018-04-07 00:00:00,73.7208
2018-04-10 00:00:00,74.9608
2018-04-11 00:00:00,79.7426
2018-04-12 00:00:00,82.2496
2018-04-13 00:00:00,79.8995
2018-04-14 00:00:00,79.2496
2018-04-17 00:00:00,80.1001
2018-04-18 00:00:00,78.6902
2018-04-19 00:00:00,79.1833
2018-04-20 00:00:00,78.5339
2018-04-21 00:00:00,78.5417
2018-04-24 00:00:00,78.6441
2018-04-25 00:00:00,78.1195
2018-04-26 00:00:00,77.8475
2018-04-27 00:00:00,78.6654
2018-04-28 00:00:00,78.2276
2018-04-29 00:00:00,77.893
2018-05-04 00:00:00,78.6769
2018-05-05 00:00:00,78.4124
2018-05-08 00:00:00,77.6615
2018-05-09 00:00:00,77.8272
2018-05-11 00:00:00,77.6132
2018-05-12 00:00:00,77.3413
2018-05-15 00:00:00,77.3294
2018-05-16 00:00:00,77.1832
2018-05-17 00:00:00,76.8674
2018-05-18 00:00:00,76.4446
2018-05-19 00:00:00,76.2498
2018-05-22 00:00:00,77.198
2018-05-23 00:00:00,76.1385
2018-05-24 00:00:00,75.8151
2018-05-25 00:00:00,76.0436
2018-05-26 00:00:00,76.2937
2018-05-29 00:00:00,76.2723
2018-05-30 00:00:00,75.8414
2018-05-31 00:00:00,75.9347
2018-06-01 00:00:00,76.0267
2018-06-02 00:00:00,76.2221
2018-06-05 00:00:00,76.2184
2018-06-06 00:00:00,76.5685
2018-06-07 00:00:00,76.4379
2018-06-08 00:00:00,76.9837
2018-06-09 00:00:00,77.4971
2018-06-10 00:00:00,77.3852
2018-06-14 00:00:00,78.4883
2018-06-15 00:00:00,77.7235
2018-06-16 00:00:00,77.1082
2018-06-19 00:00:00,77.6703
2018-06-20 00:00:00,77.9534
2018-06-21 00:00:00,77.6363
2018-06-22 00:00:00,78.4543
2018-06-23 00:00:00,78.1488
2018-06-26 00:00:00,77.6457
2018-06-27 00:00:00,77.3848
2018-06-28 00:00:00,77.4398
2018-06-29 00:00:00,77.1258
2018-06-30 00:00:00,77.017
2018-07-03 00:00:00,77.2177
2018-07-04 00:00:00,77.6813
2018-07-05 00:00:00,77.8376
2018-07-06 00:00:00,78.1456
2018-07-07 00:00:00,78.3156
2018-07-10 00:00:00,78.5216
2018-07-11 00:00:00,77.9024
2018-07-12 00:00:00,77.0887
2018-07-13 00:00:00,76.7741
2018-07-14 00:00:00,76.3409
2018-07-17 00:00:00,76.8464
2018-07-18 00:00:00,77.1491
2018-07-19 00:00:00,76.8158
2018-07-20 00:00:00,76.982
2018-07-21 00:00:00,77.2896
2018-07-24 00:00:00,77.3983
2018-07-25 00:00:00,76.7997
2018-07-26 00:00:00,77.209
2018-07-27 00:00:00,77.3154
2018-07-28 00:00:00,76.7135
2018-07-31 00:00:00,76.7835
2018-08-01 00:00:00,76.7211
2018-08-02 00:00:00,76.5969
2018-08-03 00:00:00,76.917
2018-08-04 00:00:00,76.9216
2018-08-07 00:00:00,76.9154
2018-08-08 00:00:00,77.2732
2018-08-09 00:00:00,77.4302
2018-08-10 00:00:00,80.4222
2018-08-11 00:00:00,80.0272
2018-08-14 00:00:00,81.3539
2018-08-15 00:00:00,79.9204
2018-08-16 00:00:00,78.7505
2018-08-17 00:00:00,79.3006
2018-08-18 00:00:00,79.0007
2018-08-21 00:00:00,79.533
2018-08-22 00:00:00,79.8269
2018-08-23 00:00:00,80.4966
2018-08-24 00:00:00,82.011
2018-08-25 00:00:00,81.0297
2018-08-28 00:00:00,80.6996
2018-08-29 00:00:00,81.0515
2018-08-30 00:00:00,81.4597
2018-08-31 00:00:00,81.5735
2018-09-01 00:00:00,81.7776
2018-09-04 00:00:00,81.0532
2018-09-05 00:00:00,81.0938
2018-09-06 00:00:00,81.2692
2018-09-07 00:00:00,81.3193
2018-09-08 00:00:00,81.9895
2018-09-11 00:00:00,83.2819
2018-09-12 00:00:00,83.7405
2018-09-13 00:00:00,83.6664
2018-09-14 00:00:00,83.0966
2018-09-15 00:00:00,83.08
2018-09-18 00:00:00,82.8685
2018-09-19 00:00:00,82.9398
2018-09-20 00:00:00,82.1984
2018-09-21 00:00:00,81.0986
2018-09-22 00:00:00,81.4539
2018-09-25 00:00:00,81.3179
2018-09-26 00:00:00,80.9011
2018-09-27 00:00:00,81.0772
2018-09-28 00:00:00,81.0243
2018-09-29 00:00:00,80.3974
2018-10-02 00:00:00,80.4901
2018-10-03 00:00:00,79.68
2018-10-04 00:00:00,80.1671
2018-10-05 00:00:00,80.4231
2018-10-06 00:00:00,80.4654
2018-10-09 00:00:00,80.8135
2018-10-10 00:00:00,80.082
2018-10-11 00:00:00,80.374
2018-10-12 00:00:00,81.1935
2018-10-13 00:00:00,80.5399
2018-10-16 00:00:00,80.3672
2018-10-17 00:00:00,80.5498
2018-10-18 00:00:00,80.2732
2018-10-19 00:00:00,80.0007
2018-10-20 00:00:00,79.547
2018-10-23 00:00:00,79.4551
2018-10-24 00:00:00,78.9294
2018-10-25 00:00:00,78.9286
2018-10-26 00:00:00,78.9012
2018-10-27 00:00:00,78.3911
2018-10-30 00:00:00,78.749
2018-10-31 00:00:00,78.5448
2018-11-01 00:00:00,77.9997
2018-11-02 00:00:00,78.4819
2018-11-03 00:00:00,78.913
2018-11-07 00:00:00,78.952
2018-11-08 00:00:00,79.361
2018-11-09 00:00:00,79.5315
2018-11-10 00:00:00,79.3327
2018-11-13 00:00:00,79.6478
2018-11-14 00:00:00,79.5809
2018-11-15 00:00:00,79.8289
2018-11-16 00:00:00,78.6548
2018-11-17 00:00:00,77.9719
2018-11-20 00:00:00,78.2253
2018-11-21 00:00:00,77.528
2018-11-22 00:00:00,77.1057
2018-11-23 00:00:00,76.8976
2018-11-24 00:00:00,76.8639
2018-11-27 00:00:00,77.8144
2018-11-28 00:00:00,77.5574
2018-11-29 00:00:00,77.7645
2018-11-30 00:00:00,78.0434
2018-12-01 00:00:00,77.7124
2018-12-04 00:00:00,77.8104
2018-12-05 00:00:00,78.1947
2018-12-06 00:00:00,78.3411
2018-12-07 00:00:00,78.1124
2018-12-08 00:00:00,78.5459
2018-12-11 00:00:00,78.2258
2018-12-12 00:00:00,78.0158
2018-12-13 00:00:00,77.3821
2018-12-14 00:00:00,77.4106
2018-12-15 00:00:00,77.3006
2018-12-18 00:00:00,77.315
2018-12-19 00:00:00,76.9817
2018-12-20 00:00:00,77.1102
2018-12-21 00:00:00,77.4958
2018-12-22 00:00:00,78.6235
2018-12-25 00:00:00,78.2862
2018-12-26 00:00:00,78.5242
2018-12-27 00:00:00,78.3077
2018-12-28 00:00:00,78.6366
2018-12-29 00:00:00,79.3383
2018-12-30 00:00:00,79.7394
2019-01-10 00:00:00,78.6653
2019-01-11 00:00:00,78.9222
2019-01-12 00:00:00,79.1539
2019-01-15 00:00:00,78.5798
2019-01-16 00:00:00,78.5301
2019-01-17 00:00:00,78.277
2019-01-18 00:00:00,77.4945
2019-01-19 00:00:00,77.6863
2019-01-22 00:00:00,77.5491
2019-01-23 00:00:00,77.462
2019-01-24 00:00:00,77.1838
2019-01-25 00:00:00,76.8264
2019-01-26 00:00:00,76.9834
2019-01-29 00:00:00,77.2602
2019-01-30 00:00:00,78.1386
2019-01-31 00:00:00,77.8135
2019-02-01 00:00:00,77.7781
2019-02-02 00:00:00,77.7871
2019-02-05 00:00:00,77.6018
2019-02-06 00:00:00,77.3503
2019-02-07 00:00:00,77.2127
2019-02-08 00:00:00,76.9902
2019-02-09 00:00:00,76.7904
2019-02-12 00:00:00,75.6748
2019-02-13 00:00:00,75.4777
2019-02-14 00:00:00,76.0844
2019-02-15 00:00:00,76.9122
2019-02-16 00:00:00,76.8165
2019-02-19 00:00:00,76.7529
2019-02-20 00:00:00,76.939
2019-02-21 00:00:00,76.766
2019-02-22 00:00:00,76.2032
2019-02-23 00:00:00,76.0325
2019-02-26 00:00:00,75.9903
2019-02-27 00:00:00,76.155
2019-02-28 00:00:00,76.9052
2019-03-01 00:00:00,77.0466
2019-03-02 00:00:00,76.8233
2019-03-05 00:00:00,76.5822
2019-03-06 00:00:00,75.9206
2019-03-07 00:00:00,75.884
2019-03-08 00:00:00,76.096
2019-03-12 00:00:00,76.0337
2019-03-13 00:00:00,76.0537
2019-03-14 00:00:00,76.1565
2019-03-15 00:00:00,76.424
2019-03-16 00:00:00,76.5738
2019-03-19 00:00:00,75.8185
2019-03-20 00:00:00,75.3132
2019-03-21 00:00:00,75.3049
2019-03-22 00:00:00,74.9447
2019-03-23 00:00:00,75.4145
2019-03-26 00:00:00,75.4245
2019-03-27 00:00:00,75.2081
2019-03-28 00:00:00,75.2739
2019-03-29 00:00:00,74.7876
2019-03-30 00:00:00,74.9478
2019-04-02 00:00:00,76.2923
2019-04-03 00:00:00,76.0761
2019-04-04 00:00:00,76.1839
2019-04-05 00:00:00,76.1143
2019-04-06 00:00:00,76.0487
2019-04-09 00:00:00,76.1688
2019-04-10 00:00:00,75.8686
2019-04-11 00:00:00,75.9658
2019-04-12 00:00:00,75.6808
2019-04-13 00:00:00,75.7875
2019-04-16 00:00:00,75.6772
2019-04-17 00:00:00,75.7029
2019-04-18 00:00:00,75.5592
2019-04-19 00:00:00,74.8476
2019-04-20 00:00:00,75.2331
2019-04-23 00:00:00,75.0132
2019-04-24 00:00:00,74.8435
2019-04-25 00:00:00,74.6181
2019-04-26 00:00:00,74.4451
2019-04-27 00:00:00,74.6295
2019-04-30 00:00:00,74.5734
2019-05-01 00:00:00,74.7573
2019-05-07 00:00:00,74.6319
2019-05-08 00:00:00,74.8979
2019-05-09 00:00:00,74.6854
2019-05-14 00:00:00,74.8557
2019-05-15 00:00:00,74.7628
2019-05-16 00:00:00,74.1308
2019-05-17 00:00:00,74.2357
2019-05-18 00:00:00,73.7193
2019-05-21 00:00:00,73.5359
2019-05-22 00:00:00,73.3836
2019-05-23 00:00:00,73.6616
2019-05-24 00:00:00,73.6337
2019-05-25 00:00:00,74.0743
2019-05-28 00:00:00,74.0799
2019-05-29 00:00:00,74.243
2019-05-30 00:00:00,74.2472
2019-05-31 00:00:00,74.2929
2019-06-01 00:00:00,74.5152
2019-06-04 00:00:00,74.823
2019-06-05 00:00:00,74.9774
2019-06-06 00:00:00,75.0142
2019-06-07 00:00:00,74.8182
2019-06-08 00:00:00,74.752
2019-06-11 00:00:00,74.8909
2019-06-12 00:00:00,74.5546
2019-06-14 00:00:00,74.6493
2019-06-15 00:00:00,74.2722
2019-06-18 00:00:00,73.7608
2019-06-19 00:00:00,73.5831
2019-06-20 00:00:00,73.1795
2019-06-21 00:00:00,73.9854
2019-06-22 00:00:00,73.7753
2019-06-25 00:00:00,74.2225
2019-06-26 00:00:00,73.5148
2019-06-27 00:00:00,73.7723
2019-06-28 00:00:00,74.0976
2019-06-29 00:00:00,74.0619
2019-07-02 00:00:00,73.8191
2019-07-03 00:00:00,73.7542
2019-07-04 00:00:00,73.9304
2019-07-05 00:00:00,74.2647
2019-07-06 00:00:00,74.3848
2019-07-09 00:00:00,74.2173
2019-07-10 00:00:00,73.5419
2019-07-11 00:00:00,73.7934
2019-07-12 00:00:00,73.6269
2019-07-13 00:00:00,73.8705
2019-07-16 00:00:00,73.5691
2019-07-17 00:00:00,73.4576
2019-07-18 00:00:00,73.3737
2019-07-19 00:00:00,73.0778
2019-07-20 00:00:00,73.566
2019-07-23 00:00:00,73.4724
2019-07-24 00:00:00,72.9714
2019-07-25 00:00:00,72.7187
2019-07-26 00:00:00,72.9601
2019-07-27 00:00:00,72.4891
2019-07-30 00:00:00,72.8009
2019-07-31 00:00:00,72.6783
2019-08-01 00:00:00,72.3602
2019-08-02 00:00:00,71.8414
2019-08-03 00:00:00,72.4235
2019-08-06 00:00:00,72.7021
2019-08-07 00:00:00,73.317
2019-08-08 00:00:00,73.008
2019-08-09 00:00:00,72.8767
2019-08-10 00:00:00,73.1509
2019-08-13 00:00:00,73.2619
2019-08-14 00:00:00,73.4918
2019-08-15 00:00:00,73.3453
2019-08-16 00:00:00,73.5117
2019-08-17 00:00:00,73.0627
2019-08-20 00:00:00,73.9844
2019-08-21 00:00:00,74.3184
2019-08-22 00:00:00,73.9468
2019-08-23 00:00:00,73.2165
2019-08-24 00:00:00,73.0962
2019-08-27 00:00:00,73.4745
2019-08-28 00:00:00,73.5716
2019-08-29 00:00:00,73.6569
2019-08-30 00:00:00,73.717
2019-08-31 00:00:00,73.0897
2019-09-03 00:00:00,73.1162
2019-09-04 00:00:00,73.1354
2019-09-05 00:00:00,73.2317
2019-09-06 00:00:00,73.379
2019-09-07 00:00:00,73.3239
2019-09-10 00:00:00,73.2231
2019-09-11 00:00:00,72.9186
2019-09-12 00:00:00,72.9618
2019-09-13 00:00:00,72.8504
2019-09-14 00:00:00,71.9672
2019-09-17 00:00:00,71.2516
2019-09-18 00:00:00,71.6695
2019-09-19 00:00:00,71.917
2019-09-20 00:00:00,72.1394
2019-09-21 00:00:00,71.0022
2019-09-24 00:00:00,70.2564
2019-09-25 00:00:00,70.4595
2019-09-26 00:00:00,71.1295
2019-09-27 00:00:00,71.0154
2019-09-28 00:00:00,70.9642
2019-10-01 00:00:00,71.2059
2019-10-02 00:00:00,71.2501
2019-10-03 00:00:00,71.5417
2019-10-04 00:00:00,71.3165
2019-10-05 00:00:00,71.2618
2019-10-08 00:00:00,71.0538
2019-10-09 00:00:00,71.0329
2019-10-10 00:00:00,71.1301
2019-10-11 00:00:00,70.9108
2019-10-12 00:00:00,70.5259
2019-10-15 00:00:00,70.603
2019-10-16 00:00:00,70.3499
2019-10-17 00:00:00,70.1795
2019-10-18 00:00:00,69.5801
2019-10-19 00:00:00,69.5555
2019-10-22 00:00:00,69.8394
2019-10-23 00:00:00,69.6789
2019-10-24 00:00:00,69.626
2019-10-25 00:00:00,69.9928
2019-10-26 00:00:00,69.9416
2019-10-29 00:00:00,69.4813
2019-10-30 00:00:00,69.1998
2019-10-31 00:00:00,69.172
2019-11-01 00:00:00,69.5321
2019-11-02 00:00:00,70.0182
2019-11-06 00:00:00,69.3912
2019-11-07 00:00:00,69.1836
2019-11-08 00:00:00,69.6897
2019-11-09 00:00:00,69.8528
2019-11-12 00:00:00,69.7647
2019-11-13 00:00:00,69.8
2019-11-14 00:00:00,69.817
2019-11-15 00:00:00,69.8277
2019-11-16 00:00:00,69.8002
2019-11-19 00:00:00,70.1721
2019-11-20 00:00:00,69.9657
2019-11-21 00:00:00,69.6755
2019-11-22 00:00:00,69.8906
2019-11-23 00:00:00,69.8223
2019-11-26 00:00:00,69.6985
2019-11-27 00:00:00,69.8295
2019-11-28 00:00:00,69.6873
2019-11-29 00:00:00,69.8224
2019-11-30 00:00:00,69.8126
2019-12-03 00:00:00,70.0921
2019-12-04 00:00:00,70.1307
2019-12-05 00:00:00,69.7603
2019-12-06 00:00:00,69.7149
2019-12-07 00:00:00,69.7841
2019-12-10 00:00:00,69.7173
2019-12-11 00:00:00,69.5185
2019-12-12 00:00:00,69.3392
2019-12-13 00:00:00,69.4803
2019-12-14 00:00:00,69.2287
2019-12-17 00:00:00,69.6477
2019-12-18 00:00:00,69.109
2019-12-19 00:00:00,69.2919
2019-12-20 00:00:00,69.643
2019-12-21 00:00:00,69.6251
2019-12-24 00:00:00,69.411
2019-12-25 00:00:00,69.5104
2019-12-26 00:00:00,69.0155
2019-12-27 00:00:00,69.3862
2019-12-28 00:00:00,69.9995
2019-12-31 00:00:00,70.2675
2020-01-01 00:00:00,70.3834
2020-01-10 00:00:00,69.0287
2020-01-11 00:00:00,69.022
2020-01-14 00:00:00,68.5827
2020-01-15 00:00:00,69.0425
2020-01-16 00:00:00,69.1507
2020-01-17 00:00:00,69.511
2020-01-18 00:00:00,69.2132
2020-01-21 00:00:00,69.0436
2020-01-22 00:00:00,69.0271
2020-01-23 00:00:00,68.795
2020-01-24 00:00:00,68.8564
2020-01-25 00:00:00,68.8031
2020-01-28 00:00:00,68.7049
2020-01-29 00:00:00,68.6351
2020-01-30 00:00:00,68.3366
2020-01-31 00:00:00,68.4704
2020-02-01 00:00:00,68.523
2020-02-04 00:00:00,69.159
2020-02-05 00:00:00,68.5042
2020-02-06 00:00:00,68.3718
2020-02-07 00:00:00,68.1658
2020-02-08 00:00:00,68.6369
2020-02-11 00:00:00,68.8811
2020-02-12 00:00:00,68.9923
2020-02-13 00:00:00,68.4378
2020-02-14 00:00:00,68.7117
2020-02-15 00:00:00,68.554
2020-02-18 00:00:00,68.5031
2020-02-19 00:00:00,68.4791
2020-02-20 00:00:00,68.5067
2020-02-21 00:00:00,68.4301
2020-02-22 00:00:00,68.7533
2020-02-26 00:00:00,69.5245
2020-02-27 00:00:00,69.8379
2020-02-28 00:00:00,69.9344
2020-02-29 00:00:00,71.0086
2020-03-03 00:00:00,71.2317
